Team,Upset Win Count,Underdog Match Count,Underdog Match Win Rate (%),Upset Frequency (%),Total Match Count
9245,19,44,43.18,18.81,101
9312,18,40,45.0,24.0,75
302,18,49,36.73,17.82,101
6324,17,36,47.22,19.32,88
45,17,42,40.48,20.24,84
3767,17,47,36.17,13.39,127
3339,15,29,51.72,22.06,68
599,15,29,51.72,25.42,59
1073,15,40,37.5,19.48,77
2059,14,26,53.85,18.92,74
3314,14,30,46.67,16.87,83
33,14,30,46.67,10.22,137
2491,14,34,41.18,17.72,79
3883,14,35,40.0,21.54,65
4680,14,35,40.0,24.56,57
9032,14,37,37.84,20.59,68
1684,14,43,32.56,18.67,75
8075,14,44,31.82,23.73,59
6995,13,23,56.52,15.29,85
2472,13,25,52.0,30.95,42
8352,13,27,48.15,30.23,43
4738,13,28,46.43,18.31,71
9470,13,29,44.83,22.03,59
9140,13,30,43.33,20.0,65
1768,13,33,39.39,9.7,134
6619,13,33,39.39,22.41,58
2342,13,35,37.14,16.67,78
342,13,35,37.14,20.0,65
2337,13,37,35.14,11.4,114
3310,13,40,32.5,14.94,87
1002,13,44,29.55,18.57,70
4398,13,46,28.26,14.44,90
8708,13,47,27.66,17.81,73
9450,12,29,41.38,14.63,82
2883,12,29,41.38,19.05,63
9650,12,30,40.0,29.27,41
1481,12,30,40.0,15.38,78
6829,12,30,40.0,19.35,62
5907,12,33,36.36,17.65,68
4967,12,33,36.36,16.0,75
3045,12,34,35.29,13.48,89
2135,12,34,35.29,21.82,55
7211,12,35,34.29,13.79,87
3322,12,37,32.43,14.46,83
7598,12,38,31.58,22.64,53
2832,12,39,30.77,10.43,115
2877,12,40,30.0,12.37,97
238,12,40,30.0,19.35,62
841,12,40,30.0,14.12,85
8280,12,41,29.27,20.0,60
3966,11,17,64.71,35.48,31
604,11,20,55.0,17.19,64
2607,11,21,52.38,16.42,67
7632,11,22,50.0,20.0,55
9408,11,24,45.83,11.96,92
4467,11,25,44.0,22.0,50
4123,11,25,44.0,25.58,43
4505,11,26,42.31,24.44,45
10666,11,27,40.74,23.4,47
1758,11,27,40.74,24.44,45
6081,11,29,37.93,19.3,57
7530,11,29,37.93,24.44,45
1792,11,29,37.93,20.75,53
2137,11,30,36.67,10.38,106
5788,11,30,36.67,26.83,41
138,11,31,35.48,18.64,59
9572,11,31,35.48,25.58,43
1908,11,31,35.48,22.45,49
1498,11,32,34.38,20.37,54
7034,11,32,34.38,18.03,61
3604,11,32,34.38,15.49,71
1325,11,32,34.38,17.46,63
4512,11,32,34.38,18.03,61
230,11,32,34.38,15.49,71
6642,11,32,34.38,21.57,51
4455,11,32,34.38,25.58,43
6731,11,33,33.33,20.37,54
9036,11,33,33.33,18.33,60
3786,11,34,32.35,25.0,44
2851,11,34,32.35,18.64,59
5190,11,34,32.35,25.58,43
846,11,35,31.43,11.96,92
5074,11,35,31.43,20.0,55
4692,11,38,28.95,18.33,60
9443,11,38,28.95,15.49,71
151,11,38,28.95,18.64,59
858,11,39,28.21,16.18,68
7538,11,41,26.83,15.71,70
4572,11,41,26.83,19.64,56
5458,11,41,26.83,20.37,54
1086,11,42,26.19,13.92,79
467,11,43,25.58,13.58,81
3414,11,44,25.0,10.89,101
9214,10,18,55.56,38.46,26
1731,10,19,52.63,13.89,72
3276,10,21,47.62,11.76,85
7103,10,22,45.45,32.26,31
1100,10,23,43.48,15.38,65
1986,10,23,43.48,16.39,61
6574,10,24,41.67,15.87,63
1188,10,24,41.67,22.73,44
2767,10,24,41.67,9.09,110
9576,10,24,41.67,22.73,44
3297,10,24,41.67,15.15,66
910,10,25,40.0,12.82,78
6343,10,25,40.0,17.54,57
1718,10,25,40.0,16.95,59
5801,10,25,40.0,15.87,63
2826,10,25,40.0,20.0,50
27,10,26,38.46,9.01,111
226,10,26,38.46,11.76,85
1701,10,26,38.46,10.99,91
6548,10,26,38.46,14.71,68
4237,10,26,38.46,15.62,64
9418,10,26,38.46,20.83,48
116,10,26,38.46,21.28,47
8746,10,26,38.46,21.28,47
7166,10,27,37.04,12.5,80
1089,10,27,37.04,21.74,46
7790,10,27,37.04,14.71,68
1277,10,27,37.04,21.28,47
10505,10,27,37.04,21.28,47
88,10,27,37.04,9.35,107
686,10,28,35.71,17.24,58
2186,10,28,35.71,23.26,43
3539,10,28,35.71,9.9,101
6201,10,29,34.48,17.86,56
5352,10,29,34.48,17.24,58
2502,10,29,34.48,18.87,53
5162,10,30,33.33,21.74,46
9015,10,30,33.33,15.15,66
7220,10,30,33.33,18.52,54
7045,10,30,33.33,18.52,54
2531,10,31,32.26,21.28,47
3501,10,31,32.26,19.61,51
3008,10,31,32.26,23.81,42
1712,10,31,32.26,21.74,46
7865,10,31,32.26,22.73,44
6618,10,32,31.25,15.87,63
1502,10,32,31.25,15.87,63
4320,10,33,30.3,20.41,49
509,10,33,30.3,17.54,57
1757,10,33,30.3,15.62,64
2370,10,33,30.3,10.87,92
2412,10,34,29.41,13.7,73
3487,10,34,29.41,15.62,64
2064,10,35,28.57,17.86,56
5181,10,36,27.78,13.7,73
4364,10,36,27.78,21.74,46
10224,10,37,27.03,16.13,62
948,10,37,27.03,13.16,76
294,10,38,26.32,11.49,87
1711,10,42,23.81,13.7,73
4909,10,43,23.26,8.0,125
4415,9,13,69.23,11.84,76
180,9,14,64.29,14.29,63
10479,9,16,56.25,26.47,34
3843,9,17,52.94,32.14,28
2227,9,17,52.94,34.62,26
3006,9,18,50.0,21.95,41
5550,9,18,50.0,30.0,30
7421,9,19,47.37,21.43,42
5577,9,19,47.37,18.37,49
7782,9,19,47.37,29.03,31
8895,9,20,45.0,33.33,27
7589,9,20,45.0,28.12,32
7174,9,20,45.0,19.57,46
9297,9,20,45.0,19.57,46
4590,9,21,42.86,17.31,52
7028,9,21,42.86,16.67,54
3361,9,21,42.86,36.0,25
8044,9,21,42.86,11.11,81
3882,9,21,42.86,21.95,41
4655,9,21,42.86,17.31,52
6570,9,22,40.91,19.57,46
2619,9,22,40.91,19.57,46
2199,9,22,40.91,15.79,57
9776,9,23,39.13,20.45,44
1257,9,23,39.13,20.93,43
8393,9,23,39.13,29.03,31
868,9,23,39.13,9.38,96
5913,9,24,37.5,13.43,67
1599,9,24,37.5,23.08,39
3373,9,24,37.5,21.95,41
1279,9,24,37.5,21.43,42
3538,9,25,36.0,8.11,111
9062,9,25,36.0,21.43,42
10619,9,25,36.0,22.5,40
125,9,25,36.0,8.91,101
4776,9,25,36.0,14.75,61
2052,9,26,34.62,10.0,90
5110,9,26,34.62,20.0,45
9181,9,26,34.62,21.43,42
498,9,26,34.62,12.16,74
581,9,26,34.62,14.06,64
4003,9,26,34.62,20.0,45
7257,9,26,34.62,14.52,62
614,9,27,33.33,20.45,44
9644,9,28,32.14,16.36,55
1153,9,28,32.14,9.57,94
9137,9,28,32.14,18.75,48
834,9,28,32.14,15.0,60
2881,9,29,31.03,13.64,66
6340,9,29,31.03,12.33,73
9785,9,29,31.03,14.06,64
2987,9,29,31.03,14.52,62
9558,9,29,31.03,18.75,48
5653,9,30,30.0,10.98,82
5109,9,30,30.0,15.25,59
854,9,31,29.03,21.43,42
1540,9,31,29.03,15.0,60
8622,9,31,29.03,20.93,43
4381,9,32,28.12,12.16,74
5436,9,32,28.12,16.36,55
2363,9,32,28.12,15.79,57
122,9,32,28.12,16.36,55
1023,9,33,27.27,10.47,86
540,9,33,27.27,14.29,63
8793,9,34,26.47,15.79,57
1241,9,35,25.71,10.71,84
6911,9,35,25.71,15.25,59
5805,9,36,25.0,16.98,53
3875,9,36,25.0,12.5,72
2687,9,37,24.32,17.65,51
3102,9,37,24.32,14.29,63
2834,9,38,23.68,10.59,85
245,9,38,23.68,10.98,82
1058,9,38,23.68,12.86,70
360,9,38,23.68,12.0,75
469,9,39,23.08,10.34,87
10021,9,39,23.08,12.16,74
4611,8,14,57.14,14.29,56
9134,8,15,53.33,19.51,41
5526,8,15,53.33,20.0,40
7457,8,16,50.0,8.79,91
5026,8,16,50.0,15.38,52
4028,8,16,50.0,12.12,66
7546,8,17,47.06,29.63,27
3863,8,17,47.06,21.62,37
6901,8,17,47.06,30.77,26
7497,8,17,47.06,30.77,26
11,8,17,47.06,12.5,64
7472,8,17,47.06,32.0,25
8738,8,17,47.06,10.96,73
3674,8,18,44.44,13.33,60
4513,8,18,44.44,17.02,47
9672,8,18,44.44,30.77,26
449,8,18,44.44,10.53,76
2230,8,19,42.11,13.11,61
7056,8,19,42.11,14.55,55
3950,8,19,42.11,22.22,36
2815,8,19,42.11,16.0,50
6004,8,19,42.11,22.86,35
3205,8,19,42.11,30.77,26
492,8,19,42.11,18.6,43
1918,8,19,42.11,12.7,63
6147,8,20,40.0,15.09,53
3859,8,20,40.0,21.62,37
620,8,20,40.0,11.11,72
3082,8,20,40.0,18.18,44
3197,8,21,38.1,11.59,69
494,8,21,38.1,12.31,65
7525,8,21,38.1,22.22,36
484,8,21,38.1,17.78,45
10063,8,21,38.1,22.86,35
571,8,21,38.1,13.79,58
706,8,21,38.1,25.81,31
3075,8,22,36.36,18.18,44
4744,8,22,36.36,16.67,48
4976,8,22,36.36,17.78,45
1102,8,22,36.36,16.67,48
3142,8,22,36.36,10.39,77
6413,8,22,36.36,20.51,39
4855,8,22,36.36,19.05,42
2830,8,22,36.36,20.0,40
4587,8,23,34.78,25.0,32
8825,8,23,34.78,17.39,46
5046,8,23,34.78,25.0,32
6861,8,23,34.78,15.09,53
7414,8,23,34.78,19.51,41
2554,8,23,34.78,18.18,44
6639,8,23,34.78,18.6,43
5712,8,23,34.78,12.31,65
9042,8,23,34.78,23.53,34
5137,8,24,33.33,20.0,40
9442,8,24,33.33,11.27,71
6419,8,24,33.33,29.63,27
6085,8,24,33.33,23.53,34
9428,8,24,33.33,19.51,41
3822,8,24,33.33,18.6,43
5669,8,25,32.0,25.81,31
5422,8,25,32.0,19.51,41
7250,8,25,32.0,20.51,39
9583,8,25,32.0,17.78,45
4828,8,25,32.0,16.0,50
977,8,25,32.0,14.04,57
2637,8,25,32.0,15.38,52
3219,8,25,32.0,19.05,42
4915,8,25,32.0,12.9,62
3737,8,25,32.0,18.18,44
217,8,25,32.0,13.56,59
663,8,26,30.77,15.38,52
4152,8,26,30.77,12.12,66
1250,8,26,30.77,17.78,45
1506,8,26,30.77,9.88,81
9571,8,26,30.77,18.6,43
4864,8,26,30.77,17.39,46
5314,8,26,30.77,18.18,44
8590,8,26,30.77,13.11,61
1197,8,26,30.77,9.64,83
1306,8,27,29.63,16.67,48
10118,8,27,29.63,12.9,62
4041,8,27,29.63,21.05,38
3647,8,27,29.63,20.0,40
155,8,27,29.63,15.09,53
839,8,27,29.63,10.81,74
5695,8,27,29.63,19.51,41
8230,8,27,29.63,17.78,45
5511,8,27,29.63,17.39,46
5419,8,28,28.57,10.81,74
2557,8,28,28.57,18.18,44
7587,8,28,28.57,19.51,41
8577,8,28,28.57,22.86,35
7911,8,28,28.57,20.51,39
4422,8,29,27.59,10.81,74
9477,8,29,27.59,17.39,46
6328,8,29,27.59,9.2,87
7902,8,29,27.59,13.56,59
9782,8,29,27.59,20.0,40
4638,8,29,27.59,17.78,45
1111,8,29,27.59,17.39,46
10606,8,29,27.59,17.78,45
3357,8,30,26.67,12.31,65
2035,8,30,26.67,16.67,48
4533,8,30,26.67,16.67,48
3940,8,30,26.67,8.7,92
3668,8,31,25.81,11.11,72
8410,8,31,25.81,15.09,53
10583,8,31,25.81,17.78,45
10260,8,31,25.81,16.0,50
5468,8,32,25.0,8.51,94
319,8,32,25.0,13.79,58
2720,8,32,25.0,14.81,54
6421,8,33,24.24,13.79,58
2642,8,33,24.24,13.11,61
548,8,34,23.53,10.67,75
2640,8,34,23.53,13.33,60
8085,8,34,23.53,11.43,70
3256,8,34,23.53,11.59,69
949,8,34,23.53,17.78,45
2197,8,35,22.86,18.18,44
5962,8,36,22.22,14.29,56
48,8,37,21.62,12.7,63
7153,8,37,21.62,9.41,85
573,8,40,20.0,13.79,58
1729,8,41,19.51,9.76,82
10157,8,41,19.51,14.04,57
2960,8,41,19.51,9.2,87
501,8,42,19.05,10.53,76
2073,8,44,18.18,9.2,87
4632,7,10,70.0,58.33,12
456,7,13,53.85,17.95,39
6940,7,13,53.85,31.82,22
9029,7,13,53.85,25.0,28
8159,7,14,50.0,16.28,43
3636,7,14,50.0,15.91,44
1596,7,14,50.0,23.33,30
3468,7,15,46.67,25.0,28
386,7,15,46.67,18.92,37
5990,7,16,43.75,11.48,61
2926,7,16,43.75,22.58,31
9025,7,16,43.75,29.17,24
2963,7,16,43.75,29.17,24
3770,7,16,43.75,15.91,44
6894,7,16,43.75,14.29,49
1987,7,17,41.18,10.29,68
2228,7,17,41.18,18.92,37
1296,7,18,38.89,12.73,55
2106,7,18,38.89,9.59,73
3937,7,18,38.89,10.94,64
8005,7,18,38.89,24.14,29
2485,7,19,36.84,19.44,36
3393,7,19,36.84,29.17,24
7730,7,19,36.84,31.82,22
6500,7,19,36.84,14.0,50
9717,7,19,36.84,20.0,35
2783,7,19,36.84,16.67,42
7492,7,19,36.84,14.89,47
10438,7,19,36.84,28.0,25
272,7,19,36.84,16.28,43
2679,7,20,35.0,23.33,30
4531,7,20,35.0,22.58,31
4911,7,20,35.0,20.59,34
10229,7,20,35.0,22.58,31
6831,7,20,35.0,18.42,38
56,7,20,35.0,16.67,42
8873,7,20,35.0,15.56,45
1629,7,20,35.0,9.21,76
8878,7,20,35.0,21.88,32
9401,7,20,35.0,17.07,41
6706,7,20,35.0,19.44,36
133,7,20,35.0,13.73,51
8744,7,20,35.0,18.92,37
4624,7,20,35.0,18.42,38
2530,7,20,35.0,9.09,77
5951,7,21,33.33,11.11,63
4775,7,21,33.33,17.95,39
3735,7,21,33.33,16.28,43
135,7,21,33.33,14.89,47
5724,7,21,33.33,20.0,35
3189,7,21,33.33,17.95,39
6658,7,21,33.33,20.59,34
8011,7,21,33.33,18.92,37
5103,7,21,33.33,15.91,44
5114,7,21,33.33,14.89,47
3490,7,21,33.33,13.73,51
9430,7,21,33.33,23.33,30
8188,7,21,33.33,16.67,42
815,7,21,33.33,12.5,56
2503,7,21,33.33,22.58,31
2689,7,22,31.82,15.22,46
2867,7,22,31.82,14.89,47
4189,7,22,31.82,16.67,42
3546,7,22,31.82,13.21,53
5407,7,22,31.82,24.14,29
3658,7,22,31.82,15.91,44
5892,7,22,31.82,14.29,49
8726,7,22,31.82,16.28,43
2791,7,22,31.82,21.88,32
9704,7,22,31.82,21.21,33
10633,7,22,31.82,16.28,43
3793,7,22,31.82,17.07,41
4485,7,22,31.82,14.58,48
8116,7,22,31.82,25.0,28
6652,7,23,30.43,21.88,32
5460,7,23,30.43,7.0,100
2950,7,23,30.43,15.56,45
7121,7,23,30.43,14.89,47
4061,7,23,30.43,15.91,44
9260,7,23,30.43,14.58,48
3936,7,23,30.43,17.5,40
3452,7,23,30.43,15.91,44
7501,7,23,30.43,15.56,45
610,7,23,30.43,10.45,67
3759,7,23,30.43,18.42,38
6560,7,23,30.43,12.5,56
2265,7,23,30.43,21.21,33
2586,7,23,30.43,12.5,56
7768,7,23,30.43,14.89,47
6956,7,23,30.43,12.73,55
8424,7,23,30.43,16.67,42
5987,7,24,29.17,12.07,58
70,7,24,29.17,10.94,64
10070,7,24,29.17,23.33,30
5401,7,24,29.17,14.89,47
6397,7,24,29.17,25.93,27
6078,7,24,29.17,16.67,42
7763,7,24,29.17,14.58,48
223,7,24,29.17,15.56,45
1676,7,24,29.17,9.59,73
1700,7,24,29.17,20.0,35
6381,7,25,28.0,14.58,48
2468,7,25,28.0,9.21,76
9567,7,25,28.0,15.22,46
1414,7,25,28.0,12.96,54
1218,7,25,28.0,12.07,58
5804,7,25,28.0,10.77,65
1318,7,25,28.0,8.97,78
3184,7,25,28.0,17.07,41
1723,7,25,28.0,17.07,41
6114,7,25,28.0,16.28,43
5031,7,25,28.0,16.67,42
8816,7,25,28.0,22.58,31
5431,7,25,28.0,15.56,45
4603,7,25,28.0,18.42,38
8051,7,25,28.0,15.56,45
5152,7,26,26.92,15.56,45
1076,7,26,26.92,11.11,63
6023,7,26,26.92,11.67,60
193,7,26,26.92,16.28,43
10554,7,26,26.92,14.89,47
9658,7,26,26.92,17.5,40
4146,7,26,26.92,18.92,37
6665,7,26,26.92,17.5,40
2846,7,27,25.93,15.56,45
539,7,27,25.93,14.0,50
2522,7,27,25.93,9.46,74
6357,7,27,25.93,11.86,59
188,7,27,25.93,11.11,63
2702,7,27,25.93,15.22,46
292,7,27,25.93,12.5,56
2724,7,27,25.93,12.28,57
3229,7,27,25.93,15.22,46
7451,7,28,25.0,12.07,58
9525,7,28,25.0,16.28,43
8714,7,28,25.0,17.95,39
10014,7,28,25.0,12.5,56
5719,7,28,25.0,17.5,40
1699,7,28,25.0,11.29,62
8100,7,28,25.0,12.73,55
1885,7,28,25.0,15.56,45
1741,7,28,25.0,9.21,76
1148,7,28,25.0,11.86,59
5010,7,29,24.14,11.67,60
1071,7,29,24.14,16.67,42
4026,7,29,24.14,11.67,60
2423,7,29,24.14,11.29,62
5142,7,29,24.14,9.33,75
5188,7,29,24.14,14.0,50
4159,7,29,24.14,11.86,59
58,7,30,23.33,11.48,61
624,7,30,23.33,10.77,65
4112,7,30,23.33,12.73,55
228,7,30,23.33,12.73,55
8567,7,30,23.33,14.0,50
2046,7,31,22.58,6.25,112
8016,7,31,22.58,12.28,57
5530,7,32,21.88,10.0,70
3739,7,32,21.88,10.61,66
968,7,32,21.88,15.91,44
10254,7,33,21.21,12.5,56
4575,7,33,21.21,13.46,52
10656,7,34,20.59,15.22,46
1671,7,34,20.59,8.24,85
9255,7,34,20.59,14.89,47
1811,7,34,20.59,12.28,57
1991,7,34,20.59,12.28,57
2976,7,34,20.59,13.73,51
3574,7,35,20.0,11.11,63
832,7,36,19.44,12.5,56
10015,7,37,18.92,12.73,55
9685,7,37,18.92,14.29,49
5735,7,37,18.92,12.07,58
3489,7,38,18.42,11.48,61
503,7,44,15.91,7.53,93
3182,7,45,15.56,8.86,79
1787,6,10,60.0,15.38,39
9432,6,10,60.0,12.24,49
4068,6,10,60.0,14.29,42
10202,6,13,46.15,25.0,24
4786,6,13,46.15,12.0,50
6217,6,14,42.86,21.43,28
190,6,14,42.86,5.41,111
6087,6,14,42.86,20.0,30
9541,6,14,42.86,25.0,24
5809,6,14,42.86,21.43,28
7138,6,14,42.86,25.0,24
176,6,14,42.86,8.0,75
1209,6,14,42.86,27.27,22
2290,6,15,40.0,22.22,27
6170,6,15,40.0,27.27,22
7102,6,15,40.0,22.22,27
6431,6,15,40.0,16.67,36
5675,6,15,40.0,12.0,50
457,6,15,40.0,12.77,47
5560,6,15,40.0,23.08,26
9249,6,15,40.0,21.43,28
3602,6,15,40.0,20.69,29
6346,6,15,40.0,23.08,26
1860,6,15,40.0,16.22,37
6907,6,15,40.0,28.57,21
1714,6,16,37.5,16.67,36
8503,6,16,37.5,16.22,37
9743,6,16,37.5,22.22,27
7811,6,16,37.5,23.08,26
61,6,16,37.5,22.22,27
6696,6,16,37.5,13.64,44
9072,6,16,37.5,9.68,62
9651,6,16,37.5,19.35,31
79,6,16,37.5,24.0,25
1561,6,16,37.5,15.0,40
4005,6,16,37.5,16.22,37
6132,6,17,35.29,18.75,32
67,6,17,35.29,6.12,98
3534,6,17,35.29,19.35,31
2374,6,17,35.29,20.69,29
6691,6,17,35.29,22.22,27
8392,6,17,35.29,22.22,27
4469,6,17,35.29,9.52,63
7605,6,17,35.29,21.43,28
179,6,17,35.29,9.68,62
7814,6,17,35.29,25.0,24
6091,6,17,35.29,25.0,24
6588,6,17,35.29,20.0,30
8569,6,17,35.29,30.0,20
6989,6,17,35.29,15.79,38
41,6,17,35.29,22.22,27
4761,6,17,35.29,24.0,25
9722,6,17,35.29,20.69,29
3138,6,17,35.29,27.27,22
6333,6,17,35.29,23.08,26
5532,6,17,35.29,20.0,30
5160,6,17,35.29,20.0,30
757,6,17,35.29,20.69,29
6223,6,17,35.29,16.67,36
2847,6,18,33.33,10.71,56
5561,6,18,33.33,20.0,30
2714,6,18,33.33,10.0,60
1761,6,18,33.33,25.0,24
5902,6,18,33.33,20.0,30
10120,6,18,33.33,16.67,36
1806,6,18,33.33,24.0,25
3667,6,18,33.33,16.67,36
4956,6,18,33.33,20.69,29
75,6,18,33.33,10.71,56
7407,6,18,33.33,6.32,95
5563,6,18,33.33,20.69,29
2200,6,18,33.33,9.23,65
4265,6,18,33.33,21.43,28
3641,6,18,33.33,16.22,37
7762,6,18,33.33,17.65,34
6643,6,18,33.33,27.27,22
3407,6,18,33.33,23.08,26
9304,6,19,31.58,21.43,28
2473,6,19,31.58,18.75,32
3928,6,19,31.58,14.29,42
8598,6,19,31.58,21.43,28
7558,6,19,31.58,8.57,70
7709,6,19,31.58,11.76,51
401,6,19,31.58,11.76,51
3275,6,19,31.58,20.0,30
51,6,19,31.58,10.34,58
4272,6,19,31.58,7.23,83
8749,6,20,30.0,10.53,57
3476,6,20,30.0,10.91,55
10170,6,20,30.0,22.22,27
4131,6,20,30.0,14.29,42
8058,6,20,30.0,22.22,27
9316,6,20,30.0,21.43,28
9242,6,20,30.0,18.75,32
7809,6,20,30.0,25.0,24
4829,6,20,30.0,12.5,48
4795,6,20,30.0,9.23,65
3939,6,20,30.0,18.75,32
1038,6,20,30.0,15.0,40
3130,6,20,30.0,10.53,57
5402,6,20,30.0,11.54,52
1189,6,20,30.0,9.84,61
4669,6,20,30.0,17.14,35
5066,6,21,28.57,14.29,42
7673,6,21,28.57,19.35,31
1512,6,21,28.57,18.75,32
9071,6,21,28.57,20.69,29
404,6,21,28.57,14.63,41
3561,6,21,28.57,14.63,41
8575,6,21,28.57,9.68,62
8595,6,21,28.57,16.22,37
246,6,21,28.57,14.29,42
1640,6,21,28.57,10.53,57
365,6,21,28.57,9.52,63
836,6,21,28.57,9.23,65
5115,6,21,28.57,13.95,43
8815,6,21,28.57,22.22,27
7671,6,21,28.57,21.43,28
9724,6,21,28.57,23.08,26
5490,6,21,28.57,21.43,28
5554,6,22,27.27,15.0,40
7038,6,22,27.27,20.0,30
4607,6,22,27.27,7.79,77
7048,6,22,27.27,20.0,30
5235,6,22,27.27,21.43,28
4999,6,22,27.27,18.18,33
9453,6,22,27.27,20.0,30
1683,6,22,27.27,7.5,80
6690,6,22,27.27,18.18,33
702,6,22,27.27,15.0,40
1997,6,22,27.27,16.22,37
1425,6,22,27.27,10.71,56
5992,6,22,27.27,13.95,43
1369,6,22,27.27,18.75,32
293,6,22,27.27,13.04,46
2708,6,22,27.27,14.63,41
1259,6,22,27.27,15.38,39
4534,6,22,27.27,9.52,63
8223,6,23,26.09,14.63,41
3083,6,23,26.09,15.79,38
4779,6,23,26.09,11.54,52
8103,6,23,26.09,14.63,41
7200,6,23,26.09,13.95,43
6002,6,23,26.09,7.59,79
1305,6,23,26.09,14.29,42
5843,6,23,26.09,8.0,75
3035,6,23,26.09,9.68,62
4145,6,23,26.09,8.0,75
10453,6,23,26.09,17.65,34
2145,6,24,25.0,9.84,61
5608,6,24,25.0,11.76,51
10416,6,24,25.0,15.0,40
7461,6,24,25.0,14.63,41
5547,6,24,25.0,13.04,46
6059,6,24,25.0,18.18,33
1847,6,24,25.0,10.71,56
5705,6,25,24.0,18.18,33
4079,6,25,24.0,13.04,46
2122,6,25,24.0,8.45,71
997,6,25,24.0,13.33,45
2095,6,25,24.0,16.67,36
5687,6,25,24.0,5.71,105
3318,6,25,24.0,9.52,63
2399,6,25,24.0,11.54,52
10027,6,25,24.0,15.38,39
781,6,25,24.0,10.34,58
9262,6,25,24.0,14.29,42
3354,6,25,24.0,15.38,39
3146,6,25,24.0,11.54,52
4322,6,25,24.0,8.82,68
2634,6,25,24.0,14.63,41
3388,6,26,23.08,15.38,39
5683,6,26,23.08,12.77,47
8048,6,26,23.08,14.63,41
5588,6,26,23.08,13.33,45
10376,6,26,23.08,12.77,47
5538,6,26,23.08,13.64,44
6366,6,26,23.08,13.33,45
2722,6,26,23.08,13.04,46
6814,6,26,23.08,12.24,49
6632,6,26,23.08,14.29,42
1942,6,27,22.22,10.17,59
6606,6,27,22.22,17.14,35
8866,6,27,22.22,7.06,85
321,6,27,22.22,11.11,54
3635,6,27,22.22,11.76,51
2890,6,27,22.22,12.5,48
6120,6,28,21.43,10.71,56
972,6,28,21.43,10.0,60
5013,6,28,21.43,10.91,55
3100,6,29,20.69,7.41,81
1024,6,29,20.69,11.11,54
10340,6,29,20.69,10.17,59
348,6,29,20.69,13.64,44
971,6,29,20.69,9.68,62
7136,6,29,20.69,12.77,47
5885,6,30,20.0,12.77,47
1648,6,30,20.0,7.59,79
5408,6,30,20.0,13.64,44
234,6,30,20.0,9.52,63
5260,6,31,19.35,15.38,39
316,6,31,19.35,8.45,71
9566,6,31,19.35,10.0,60
8768,6,31,19.35,10.17,59
2706,6,31,19.35,11.76,51
2659,6,31,19.35,10.91,55
10591,6,32,18.75,13.04,46
175,6,32,18.75,8.45,71
5817,6,33,18.18,9.84,61
3257,6,33,18.18,10.34,58
4926,6,34,17.65,9.84,61
447,6,34,17.65,10.34,58
1646,6,35,17.14,11.32,53
3359,6,36,16.67,10.17,59
5654,6,37,16.22,10.91,55
3598,6,37,16.22,9.23,65
2713,6,38,15.79,9.23,65
5823,5,7,71.43,45.45,11
2910,5,9,55.56,4.76,105
4635,5,10,50.0,7.94,63
2443,5,10,50.0,17.86,28
6025,5,10,50.0,20.83,24
5449,5,10,50.0,21.74,23
2450,5,11,45.45,23.81,21
7226,5,11,45.45,16.13,31
10541,5,11,45.45,12.5,40
6941,5,11,45.45,21.74,23
2538,5,11,45.45,26.32,19
6420,5,12,41.67,21.74,23
2718,5,12,41.67,19.23,26
6996,5,12,41.67,17.86,28
2508,5,12,41.67,22.73,22
5934,5,12,41.67,16.13,31
6709,5,13,38.46,20.83,24
5887,5,13,38.46,20.0,25
4181,5,13,38.46,20.0,25
7230,5,13,38.46,21.74,23
8054,5,13,38.46,19.23,26
287,5,13,38.46,19.23,26
6998,5,13,38.46,20.83,24
6302,5,13,38.46,23.81,21
3067,5,13,38.46,17.24,29
5901,5,13,38.46,16.67,30
8841,5,13,38.46,19.23,26
1923,5,14,35.71,8.33,60
10642,5,14,35.71,20.83,24
5505,5,14,35.71,9.09,55
10257,5,14,35.71,18.52,27
1678,5,14,35.71,5.38,93
988,5,14,35.71,25.0,20
263,5,14,35.71,20.0,25
694,5,14,35.71,5.43,92
1493,5,14,35.71,17.86,28
6245,5,14,35.71,25.0,20
7444,5,14,35.71,20.83,24
8173,5,14,35.71,20.0,25
8513,5,14,35.71,8.06,62
422,5,14,35.71,5.15,97
4456,5,14,35.71,19.23,26
4405,5,14,35.71,10.64,47
558,5,14,35.71,19.23,26
4907,5,14,35.71,7.94,63
7840,5,14,35.71,19.23,26
6904,5,15,33.33,25.0,20
6005,5,15,33.33,19.23,26
1388,5,15,33.33,12.2,41
8308,5,15,33.33,25.0,20
4522,5,15,33.33,7.58,66
9682,5,15,33.33,20.83,24
2577,5,15,33.33,18.52,27
8727,5,15,33.33,10.87,46
7886,5,15,33.33,19.23,26
3044,5,15,33.33,14.29,35
7183,5,15,33.33,20.0,25
4470,5,15,33.33,20.83,24
9082,5,15,33.33,20.0,25
308,5,16,31.25,18.52,27
6106,5,16,31.25,19.23,26
3656,5,16,31.25,7.14,70
9444,5,16,31.25,20.83,24
6526,5,16,31.25,20.0,25
8300,5,16,31.25,19.23,26
9568,5,16,31.25,20.83,24
8608,5,16,31.25,8.62,58
2882,5,16,31.25,17.86,28
6566,5,16,31.25,16.67,30
4414,5,16,31.25,6.25,80
957,5,16,31.25,8.2,61
4628,5,16,31.25,20.83,24
5856,5,16,31.25,20.83,24
6239,5,16,31.25,19.23,26
5813,5,16,31.25,6.49,77
6621,5,16,31.25,12.5,40
2614,5,16,31.25,13.16,38
2594,5,16,31.25,21.74,23
1212,5,16,31.25,17.86,28
5454,5,16,31.25,13.89,36
2225,5,16,31.25,21.74,23
8821,5,16,31.25,17.86,28
6190,5,16,31.25,20.83,24
3277,5,17,29.41,13.51,37
4984,5,17,29.41,20.0,25
5835,5,17,29.41,20.83,24
4176,5,17,29.41,19.23,26
5980,5,17,29.41,17.86,28
9203,5,17,29.41,20.83,24
5603,5,17,29.41,16.13,31
9554,5,17,29.41,19.23,26
8151,5,17,29.41,19.23,26
9624,5,17,29.41,19.23,26
5437,5,17,29.41,18.52,27
9237,5,17,29.41,16.67,30
5986,5,17,29.41,20.0,25
3646,5,17,29.41,21.74,23
2534,5,17,29.41,11.11,45
103,5,17,29.41,8.06,62
6171,5,17,29.41,17.86,28
10592,5,17,29.41,20.83,24
4821,5,17,29.41,11.11,45
3478,5,17,29.41,7.69,65
9789,5,17,29.41,19.23,26
9517,5,17,29.41,16.67,30
2585,5,17,29.41,11.36,44
280,5,17,29.41,17.24,29
1072,5,17,29.41,8.93,56
3211,5,18,27.78,12.5,40
6318,5,18,27.78,19.23,26
8193,5,18,27.78,12.82,39
9277,5,18,27.78,17.86,28
8515,5,18,27.78,16.13,31
3712,5,18,27.78,20.83,24
8431,5,18,27.78,20.83,24
6567,5,18,27.78,20.83,24
3566,5,18,27.78,19.23,26
7314,5,18,27.78,17.24,29
114,5,18,27.78,13.16,38
8067,5,18,27.78,20.83,24
5726,5,18,27.78,16.67,30
6947,5,18,27.78,12.5,40
9105,5,18,27.78,8.06,62
4983,5,18,27.78,18.52,27
3340,5,18,27.78,15.62,32
428,5,18,27.78,17.86,28
9762,5,18,27.78,17.24,29
1225,5,18,27.78,17.86,28
9605,5,18,27.78,17.24,29
5624,5,18,27.78,16.13,31
5348,5,18,27.78,9.43,53
9097,5,18,27.78,15.15,33
5756,5,18,27.78,17.86,28
1165,5,18,27.78,15.62,32
9227,5,18,27.78,16.67,30
5462,5,18,27.78,18.52,27
6418,5,18,27.78,11.9,42
9592,5,18,27.78,20.0,25
3492,5,18,27.78,12.82,39
2395,5,18,27.78,21.74,23
3610,5,18,27.78,19.23,26
6348,5,19,26.32,9.43,53
3091,5,19,26.32,20.0,25
9119,5,19,26.32,18.52,27
1262,5,19,26.32,16.13,31
7197,5,19,26.32,8.47,59
7480,5,19,26.32,10.42,48
4476,5,19,26.32,6.85,73
369,5,19,26.32,17.24,29
4500,5,19,26.32,8.93,56
2036,5,19,26.32,11.9,42
4701,5,19,26.32,17.86,28
3098,5,19,26.32,15.15,33
222,5,19,26.32,10.42,48
2084,5,19,26.32,15.15,33
3634,5,19,26.32,19.23,26
8429,5,19,26.32,8.62,58
4601,5,19,26.32,16.13,31
3632,5,19,26.32,15.62,32
10302,5,19,26.32,16.67,30
7127,5,19,26.32,11.36,44
1825,5,19,26.32,11.9,42
1528,5,19,26.32,20.83,24
4731,5,20,25.0,14.71,34
5084,5,20,25.0,11.9,42
2654,5,20,25.0,19.23,26
7202,5,20,25.0,16.13,31
9771,5,20,25.0,16.67,30
5920,5,20,25.0,16.13,31
3865,5,20,25.0,17.86,28
328,5,20,25.0,12.5,40
6712,5,20,25.0,17.24,29
4286,5,20,25.0,19.23,26
5126,5,20,25.0,11.63,43
2712,5,20,25.0,20.83,24
3136,5,20,25.0,9.26,54
7109,5,20,25.0,20.83,24
5411,5,20,25.0,8.2,61
5243,5,20,25.0,19.23,26
9733,5,20,25.0,20.83,24
5459,5,20,25.0,11.9,42
9084,5,20,25.0,9.8,51
3792,5,20,25.0,13.16,38
216,5,20,25.0,12.82,39
2172,5,20,25.0,15.62,32
7235,5,21,23.81,16.67,30
973,5,21,23.81,9.09,55
9307,5,21,23.81,17.24,29
461,5,21,23.81,7.14,70
5684,5,21,23.81,11.36,44
4122,5,21,23.81,9.62,52
5414,5,21,23.81,11.11,45
2915,5,21,23.81,17.86,28
429,5,21,23.81,12.5,40
6637,5,21,23.81,11.36,44
9156,5,21,23.81,16.67,30
1280,5,21,23.81,16.67,30
3173,5,21,23.81,7.25,69
9116,5,21,23.81,16.13,31
701,5,21,23.81,13.51,37
6843,5,21,23.81,13.51,37
4959,5,21,23.81,12.2,41
3309,5,22,22.73,10.0,50
5461,5,22,22.73,15.15,33
7312,5,22,22.73,11.9,42
9263,5,22,22.73,11.36,44
5968,5,22,22.73,11.9,42
3284,5,22,22.73,10.0,50
6243,5,22,22.73,11.9,42
5660,5,22,22.73,8.33,60
8874,5,22,22.73,12.5,40
7085,5,22,22.73,10.64,47
7636,5,22,22.73,15.15,33
999,5,22,22.73,9.62,52
6088,5,22,22.73,11.11,45
888,5,22,22.73,8.06,62
1138,5,22,22.73,9.26,54
9280,5,22,22.73,11.63,43
173,5,22,22.73,12.2,41
10248,5,22,22.73,14.71,34
102,5,22,22.73,12.2,41
4373,5,22,22.73,11.11,45
9589,5,22,22.73,20.83,24
4917,5,22,22.73,10.42,48
7447,5,23,21.74,16.13,31
7157,5,23,21.74,7.69,65
5199,5,23,21.74,5.43,92
2590,5,23,21.74,8.06,62
8576,5,23,21.74,11.36,44
1833,5,23,21.74,5.68,88
4453,5,23,21.74,10.64,47
2813,5,23,21.74,9.26,54
4450,5,23,21.74,12.5,40
1880,5,23,21.74,11.36,44
2054,5,23,21.74,5.75,87
5183,5,23,21.74,13.89,36
4641,5,23,21.74,10.87,46
3323,5,23,21.74,12.2,41
6213,5,23,21.74,13.16,38
2876,5,23,21.74,10.64,47
6033,5,23,21.74,11.36,44
9023,5,23,21.74,8.2,61
6077,5,23,21.74,10.64,47
10349,5,23,21.74,11.63,43
2643,5,23,21.74,12.82,39
324,5,23,21.74,7.46,67
4920,5,23,21.74,11.36,44
4338,5,24,20.83,12.2,41
2383,5,24,20.83,8.77,57
6647,5,24,20.83,9.09,55
10584,5,24,20.83,16.13,31
7659,5,24,20.83,12.2,41
9427,5,24,20.83,10.2,49
4153,5,24,20.83,12.2,41
237,5,24,20.83,9.62,52
7476,5,24,20.83,10.64,47
144,5,24,20.83,11.63,43
5000,5,24,20.83,9.43,53
7443,5,24,20.83,10.42,48
8711,5,24,20.83,15.62,32
4693,5,25,20.0,14.71,34
3815,5,25,20.0,13.51,37
6721,5,25,20.0,10.0,50
829,5,25,20.0,9.09,55
8349,5,25,20.0,12.2,41
10339,5,25,20.0,14.71,34
1310,5,25,20.0,10.87,46
9446,5,25,20.0,11.11,45
9127,5,25,20.0,12.2,41
7196,5,25,20.0,8.2,61
3748,5,25,20.0,9.09,55
4904,5,25,20.0,12.5,40
9455,5,26,19.23,13.89,36
7042,5,26,19.23,9.09,55
2102,5,26,19.23,9.8,51
10388,5,26,19.23,13.51,37
4541,5,26,19.23,12.2,41
5193,5,26,19.23,8.62,58
7657,5,26,19.23,8.93,56
7845,5,27,18.52,13.16,38
112,5,27,18.52,13.51,37
1168,5,27,18.52,11.11,45
231,5,27,18.52,7.94,63
5261,5,27,18.52,11.11,45
8370,5,27,18.52,12.2,41
10367,5,27,18.52,11.36,44
8137,5,27,18.52,9.43,53
2377,5,27,18.52,12.5,40
4048,5,27,18.52,10.0,50
1868,5,27,18.52,11.11,45
611,5,27,18.52,11.36,44
1294,5,27,18.52,11.63,43
4940,5,27,18.52,9.62,52
7067,5,28,17.86,11.63,43
8023,5,28,17.86,10.87,46
5274,5,28,17.86,9.62,52
5900,5,28,17.86,9.62,52
8080,5,28,17.86,9.26,54
4610,5,29,17.24,11.36,44
8865,5,29,17.24,9.43,53
8889,5,29,17.24,9.8,51
4375,5,29,17.24,10.0,50
687,5,29,17.24,8.2,61
10077,5,29,17.24,9.62,52
6738,5,30,16.67,10.42,48
5937,5,30,16.67,8.06,62
4377,5,30,16.67,10.2,49
9289,5,30,16.67,11.36,44
2620,5,30,16.67,9.09,55
10518,5,30,16.67,9.8,51
2262,5,30,16.67,11.11,45
3459,5,30,16.67,9.09,55
107,5,30,16.67,10.42,48
6110,5,31,16.13,10.64,47
3344,5,31,16.13,9.8,51
1622,5,36,13.89,8.33,60
4925,5,37,13.51,9.8,51
11223,4,5,80.0,66.67,6
10465,4,7,57.14,36.36,11
2481,4,7,57.14,6.45,62
9415,4,7,57.14,44.44,9
3676,4,7,57.14,23.53,17
5500,4,8,50.0,36.36,11
8056,4,8,50.0,30.77,13
1771,4,8,50.0,4.71,85
4809,4,8,50.0,33.33,12
7504,4,9,44.44,22.22,18
20,4,9,44.44,16.0,25
6817,4,9,44.44,28.57,14
10142,4,9,44.44,25.0,16
6032,4,9,44.44,30.77,13
10476,4,9,44.44,40.0,10
341,4,10,40.0,5.19,77
8214,4,10,40.0,11.76,34
6985,4,10,40.0,20.0,20
4451,4,10,40.0,5.8,69
4488,4,10,40.0,14.29,28
4739,4,10,40.0,28.57,14
4087,4,10,40.0,15.38,26
8561,4,10,40.0,26.67,15
9168,4,10,40.0,23.53,17
10287,4,10,40.0,25.0,16
3294,4,11,36.36,23.53,17
3020,4,11,36.36,26.67,15
9234,4,11,36.36,15.38,26
1785,4,11,36.36,15.38,26
7526,4,11,36.36,20.0,20
5486,4,11,36.36,15.38,26
2405,4,11,36.36,13.33,30
9460,4,11,36.36,17.39,23
1156,4,11,36.36,9.09,44
340,4,11,36.36,9.3,43
8882,4,11,36.36,16.0,25
3245,4,11,36.36,12.9,31
8728,4,11,36.36,13.79,29
4050,4,11,36.36,21.05,19
59,4,11,36.36,10.26,39
1317,4,11,36.36,20.0,20
3206,4,12,33.33,16.0,25
3293,4,12,33.33,16.67,24
5516,4,12,33.33,11.76,34
359,4,12,33.33,3.51,114
3688,4,12,33.33,13.79,29
6329,4,12,33.33,6.06,66
10147,4,12,33.33,21.05,19
6459,4,12,33.33,9.76,41
9523,4,12,33.33,13.79,29
6423,4,12,33.33,16.0,25
6593,4,12,33.33,16.0,25
8884,4,12,33.33,6.67,60
533,4,12,33.33,21.05,19
695,4,12,33.33,10.0,40
6532,4,12,33.33,14.29,28
8229,4,12,33.33,13.33,30
6487,4,12,33.33,17.39,23
5518,4,12,33.33,13.79,29
1764,4,12,33.33,13.33,30
2509,4,12,33.33,16.0,25
11274,4,12,33.33,30.77,13
4656,4,13,30.77,16.67,24
6377,4,13,30.77,8.7,46
5086,4,13,30.77,14.29,28
7256,4,13,30.77,16.67,24
2375,4,13,30.77,16.67,24
9635,4,13,30.77,10.81,37
5736,4,13,30.77,9.3,43
353,4,13,30.77,9.3,43
3015,4,13,30.77,5.63,71
5576,4,13,30.77,20.0,20
7759,4,13,30.77,22.22,18
9251,4,13,30.77,12.9,31
5878,4,13,30.77,13.79,29
4961,4,13,30.77,15.38,26
8613,4,13,30.77,11.11,36
3654,4,13,30.77,16.67,24
5658,4,13,30.77,18.18,22
9153,4,13,30.77,18.18,22
2973,4,13,30.77,20.0,20
3243,4,13,30.77,17.39,23
9313,4,13,30.77,22.22,18
980,4,13,30.77,16.67,24
5553,4,13,30.77,20.0,20
3504,4,13,30.77,16.0,25
1091,4,13,30.77,19.05,21
4096,4,13,30.77,13.33,30
10652,4,13,30.77,13.79,29
3871,4,13,30.77,22.22,18
2823,4,14,28.57,12.5,32
6465,4,14,28.57,14.29,28
2521,4,14,28.57,13.33,30
10156,4,14,28.57,16.67,24
4481,4,14,28.57,8.89,45
1159,4,14,28.57,20.0,20
4089,4,14,28.57,13.79,29
10230,4,14,28.57,22.22,18
3419,4,14,28.57,15.38,26
1736,4,14,28.57,13.79,29
6919,4,14,28.57,6.67,60
9715,4,14,28.57,22.22,18
10069,4,14,28.57,16.67,24
5338,4,14,28.57,9.09,44
2992,4,14,28.57,9.76,41
2220,4,14,28.57,9.76,41
3216,4,14,28.57,14.29,28
2773,4,14,28.57,20.0,20
6237,4,14,28.57,14.29,28
9226,4,14,28.57,14.29,28
8362,4,14,28.57,16.67,24
5811,4,14,28.57,17.39,23
10614,4,15,26.67,16.67,24
10613,4,15,26.67,16.67,24
8338,4,15,26.67,21.05,19
8872,4,15,26.67,16.0,25
6180,4,15,26.67,14.81,27
5860,4,15,26.67,13.79,29
1452,4,15,26.67,20.0,20
115,4,15,26.67,14.29,28
5480,4,15,26.67,14.29,28
6766,4,15,26.67,16.67,24
7627,4,15,26.67,13.33,30
9694,4,15,26.67,16.0,25
9247,4,15,26.67,22.22,18
10396,4,15,26.67,18.18,22
6838,4,15,26.67,11.11,36
6014,4,15,26.67,20.0,20
9636,4,15,26.67,19.05,21
6969,4,15,26.67,18.18,22
5002,4,15,26.67,16.0,25
5559,4,15,26.67,11.43,35
6961,4,15,26.67,14.81,27
5975,4,15,26.67,16.67,24
3663,4,15,26.67,4.44,90
10499,4,15,26.67,16.67,24
6121,4,15,26.67,10.26,39
9188,4,15,26.67,16.67,24
8628,4,15,26.67,16.67,24
4835,4,15,26.67,16.67,24
9128,4,15,26.67,6.56,61
3637,4,15,26.67,8.7,46
9542,4,15,26.67,16.67,24
5982,4,15,26.67,14.81,27
612,4,15,26.67,15.38,26
9459,4,15,26.67,10.81,37
7033,4,15,26.67,14.81,27
424,4,15,26.67,11.11,36
1891,4,15,26.67,16.0,25
4735,4,15,26.67,14.29,28
7191,4,15,26.67,16.67,24
85,4,15,26.67,13.33,30
3164,4,15,26.67,14.81,27
3714,4,15,26.67,16.67,24
5124,4,15,26.67,16.0,25
10212,4,15,26.67,17.39,23
4643,4,15,26.67,18.18,22
1523,4,15,26.67,14.81,27
4523,4,15,26.67,18.18,22
2358,4,15,26.67,12.9,31
3931,4,15,26.67,15.38,26
10535,4,15,26.67,16.67,24
2465,4,15,26.67,13.79,29
4296,4,15,26.67,19.05,21
2630,4,16,25.0,6.25,64
8290,4,16,25.0,13.79,29
7553,4,16,25.0,13.79,29
3042,4,16,25.0,15.38,26
7784,4,16,25.0,13.79,29
5682,4,16,25.0,14.29,28
10333,4,16,25.0,16.0,25
9449,4,16,25.0,16.67,24
8532,4,16,25.0,14.29,28
753,4,16,25.0,13.79,29
9215,4,16,25.0,12.9,31
5498,4,16,25.0,14.81,27
5828,4,16,25.0,15.38,26
8126,4,16,25.0,12.9,31
4384,4,16,25.0,14.29,28
9772,4,16,25.0,18.18,22
4213,4,16,25.0,13.33,30
7521,4,16,25.0,15.38,26
6528,4,16,25.0,13.79,29
5182,4,16,25.0,16.67,24
9758,4,16,25.0,13.79,29
5247,4,16,25.0,16.67,24
10245,4,16,25.0,14.81,27
3618,4,16,25.0,13.79,29
69,4,16,25.0,13.79,29
7535,4,16,25.0,16.67,24
6404,4,16,25.0,20.0,20
8140,4,16,25.0,21.05,19
6517,4,16,25.0,16.0,25
2048,4,16,25.0,16.67,24
7425,4,16,25.0,14.29,28
3349,4,16,25.0,16.0,25
4579,4,16,25.0,16.67,24
4063,4,16,25.0,9.52,42
171,4,16,25.0,17.39,23
904,4,16,25.0,15.38,26
9777,4,16,25.0,17.39,23
2212,4,17,23.53,15.38,26
4009,4,17,23.53,8.89,45
7221,4,17,23.53,16.67,24
2853,4,17,23.53,16.67,24
2998,4,17,23.53,14.81,27
8041,4,17,23.53,13.33,30
2903,4,17,23.53,13.79,29
3360,4,17,23.53,16.0,25
74,4,17,23.53,13.33,30
281,4,17,23.53,8.51,47
2471,4,17,23.53,9.3,43
10114,4,17,23.53,11.43,35
857,4,17,23.53,9.76,41
430,4,17,23.53,12.5,32
5841,4,17,23.53,15.38,26
3355,4,17,23.53,16.67,24
2500,4,17,23.53,14.29,28
4198,4,17,23.53,10.53,38
7567,4,17,23.53,9.76,41
2506,4,17,23.53,10.0,40
1405,4,17,23.53,11.11,36
5125,4,17,23.53,16.0,25
5509,4,17,23.53,9.52,42
5494,4,17,23.53,14.29,28
4637,4,17,23.53,14.29,28
9094,4,17,23.53,9.09,44
2489,4,17,23.53,15.38,26
870,4,17,23.53,10.26,39
3160,4,17,23.53,15.38,26
6651,4,17,23.53,16.0,25
9742,4,17,23.53,15.38,26
9439,4,17,23.53,16.67,24
691,4,17,23.53,16.67,24
1574,4,18,22.22,8.51,47
2177,4,18,22.22,14.81,27
9577,4,18,22.22,13.79,29
10312,4,18,22.22,14.81,27
847,4,18,22.22,14.81,27
8591,4,18,22.22,14.81,27
9729,4,18,22.22,14.81,27
1746,4,18,22.22,13.33,30
9671,4,18,22.22,13.33,30
9561,4,18,22.22,16.67,24
5517,4,18,22.22,15.38,26
7712,4,18,22.22,9.76,41
4662,4,18,22.22,14.81,27
4861,4,18,22.22,11.11,36
3072,4,18,22.22,14.29,28
6100,4,18,22.22,13.33,30
5702,4,18,22.22,16.67,24
8818,4,18,22.22,14.29,28
6945,4,18,22.22,16.67,24
10589,4,18,22.22,6.67,60
6060,4,18,22.22,15.38,26
7770,4,18,22.22,14.29,28
1899,4,18,22.22,13.33,30
1466,4,18,22.22,12.12,33
8373,4,18,22.22,12.9,31
9735,4,18,22.22,16.67,24
5427,4,18,22.22,8.33,48
10001,4,18,22.22,14.29,28
3482,4,18,22.22,10.81,37
2638,4,18,22.22,10.53,38
935,4,18,22.22,12.5,32
9661,4,18,22.22,14.81,27
1625,4,18,22.22,10.0,40
6740,4,19,21.05,10.0,40
1937,4,19,21.05,9.3,43
6538,4,19,21.05,16.67,24
418,4,19,21.05,6.67,60
9600,4,19,21.05,12.9,31
4240,4,19,21.05,13.79,29
9528,4,19,21.05,16.67,24
5923,4,19,21.05,14.81,27
6488,4,19,21.05,10.0,40
1403,4,19,21.05,9.52,42
1895,4,19,21.05,9.76,41
7794,4,19,21.05,16.67,24
6962,4,19,21.05,13.33,30
167,4,19,21.05,10.26,39
9080,4,19,21.05,14.29,28
2016,4,19,21.05,12.9,31
1533,4,19,21.05,7.55,53
9755,4,19,21.05,13.33,30
2912,4,19,21.05,16.67,24
3753,4,19,21.05,13.79,29
5894,4,19,21.05,15.38,26
6702,4,19,21.05,10.0,40
4851,4,19,21.05,11.76,34
4585,4,19,21.05,19.05,21
9208,4,19,21.05,12.12,33
5727,4,19,21.05,8.16,49
1720,4,19,21.05,13.79,29
8742,4,19,21.05,10.81,37
670,4,19,21.05,8.7,46
537,4,19,21.05,10.53,38
157,4,19,21.05,10.81,37
8,4,20,20.0,10.26,39
8871,4,20,20.0,13.33,30
2486,4,20,20.0,7.55,53
6672,4,20,20.0,8.51,47
8592,4,20,20.0,5.88,68
9569,4,20,20.0,9.3,43
7119,4,20,20.0,9.76,41
1727,4,20,20.0,6.67,60
1807,4,20,20.0,6.56,61
1518,4,20,20.0,11.76,34
2252,4,20,20.0,8.89,45
2771,4,20,20.0,9.3,43
6099,4,20,20.0,10.81,37
9008,4,20,20.0,7.27,55
5205,4,20,20.0,14.81,27
4698,4,20,20.0,9.3,43
5499,4,20,20.0,12.12,33
2022,4,20,20.0,9.52,42
5268,4,20,20.0,9.09,44
5507,4,20,20.0,7.69,52
5234,4,21,19.05,13.33,30
7491,4,21,19.05,11.76,34
4270,4,21,19.05,4.6,87
2710,4,21,19.05,8.89,45
172,4,21,19.05,9.76,41
5293,4,21,19.05,7.55,53
8789,4,21,19.05,14.29,28
2929,4,21,19.05,12.9,31
9642,4,21,19.05,8.51,47
4468,4,21,19.05,9.09,44
6502,4,21,19.05,7.27,55
2028,4,21,19.05,10.53,38
6863,4,21,19.05,9.09,44
4653,4,21,19.05,9.3,43
7506,4,21,19.05,13.79,29
141,4,21,19.05,7.55,53
3278,4,21,19.05,11.76,34
3814,4,21,19.05,12.5,32
1735,4,21,19.05,11.11,36
3627,4,21,19.05,13.79,29
1261,4,21,19.05,5.06,79
9400,4,21,19.05,10.53,38
6024,4,21,19.05,12.5,32
3336,4,21,19.05,11.76,34
4586,4,22,18.18,10.0,40
4998,4,22,18.18,8.89,45
6845,4,22,18.18,16.67,24
95,4,22,18.18,8.51,47
1763,4,22,18.18,12.5,32
5829,4,22,18.18,9.3,43
6705,4,22,18.18,7.14,56
7540,4,22,18.18,11.76,34
5032,4,22,18.18,8.33,48
10599,4,22,18.18,11.11,36
5870,4,22,18.18,9.76,41
4480,4,22,18.18,12.9,31
6128,4,22,18.18,11.76,34
236,4,22,18.18,9.76,41
5535,4,22,18.18,7.14,56
7656,4,22,18.18,6.56,61
5089,4,22,18.18,9.52,42
930,4,22,18.18,8.51,47
2635,4,23,17.39,10.81,37
339,4,23,17.39,7.69,52
6808,4,23,17.39,9.76,41
709,4,23,17.39,12.12,33
5924,4,23,17.39,10.26,39
2386,4,23,17.39,10.0,40
7413,4,23,17.39,12.12,33
9545,4,23,17.39,11.76,34
78,4,23,17.39,5.48,73
3049,4,23,17.39,13.33,30
1511,4,23,17.39,7.69,52
1740,4,23,17.39,10.26,39
1474,4,23,17.39,12.12,33
8729,4,23,17.39,9.52,42
3756,4,23,17.39,9.09,44
4416,4,24,16.67,10.0,40
4661,4,24,16.67,10.81,37
9740,4,24,16.67,10.26,39
4951,4,24,16.67,9.3,43
4201,4,24,16.67,7.55,53
1319,4,24,16.67,9.3,43
5130,4,24,16.67,8.7,46
10004,4,24,16.67,10.81,37
8117,4,24,16.67,10.0,40
7419,4,24,16.67,7.69,52
3313,4,24,16.67,6.06,66
3545,4,24,16.67,8.7,46
6729,4,24,16.67,10.0,40
8421,4,24,16.67,14.29,28
7188,4,24,16.67,9.76,41
4125,4,25,16.0,10.81,37
8177,4,25,16.0,6.9,58
4810,4,25,16.0,8.33,48
3176,4,25,16.0,7.55,53
6944,4,25,16.0,8.89,45
589,4,25,16.0,11.76,34
1836,4,25,16.0,10.53,38
2587,4,25,16.0,8.89,45
4308,4,25,16.0,9.52,42
9767,4,25,16.0,11.43,35
10690,4,25,16.0,10.26,39
3316,4,26,15.38,9.3,43
8423,4,26,15.38,9.52,42
9478,4,26,15.38,8.7,46
5417,4,26,15.38,9.52,42
9673,4,26,15.38,9.09,44
6098,4,26,15.38,10.26,39
4013,4,26,15.38,12.5,32
6897,4,26,15.38,9.52,42
10032,4,26,15.38,10.53,38
7691,4,26,15.38,9.3,43
2171,4,27,14.81,9.52,42
991,4,27,14.81,10.53,38
9315,4,27,14.81,11.11,36
8588,4,27,14.81,6.9,58
8248,4,27,14.81,9.76,41
744,4,27,14.81,9.76,41
10607,4,27,14.81,11.11,36
3464,4,27,14.81,7.55,53
2079,4,27,14.81,10.0,40
3506,4,27,14.81,7.55,53
1747,4,27,14.81,7.84,51
2470,4,27,14.81,8.16,49
8521,4,28,14.29,8.89,45
9114,4,28,14.29,8.51,47
5219,4,28,14.29,9.52,42
8849,4,28,14.29,9.09,44
9416,4,28,14.29,8.7,46
8089,4,28,14.29,9.52,42
8544,4,28,14.29,8.0,50
3655,4,29,13.79,5.56,72
8736,4,29,13.79,7.14,56
9522,4,29,13.79,8.0,50
201,4,29,13.79,6.06,66
9298,4,29,13.79,8.51,47
9480,4,30,13.33,6.78,59
2341,4,30,13.33,7.14,56
8626,4,30,13.33,7.14,56
2852,4,30,13.33,8.16,49
1721,4,31,12.9,7.55,53
7475,4,31,12.9,9.52,42
714,4,33,12.12,7.41,54
8724,4,33,12.12,6.78,59
771,4,34,11.76,8.89,45
177,4,34,11.76,6.15,65
8573,4,35,11.43,8.33,48
166,4,38,10.53,4.17,96
4327,4,40,10.0,6.25,64
9149,3,4,75.0,33.33,9
9998,3,4,75.0,60.0,5
2996,3,5,60.0,10.71,28
10502,3,5,60.0,30.0,10
6415,3,5,60.0,37.5,8
9487,3,5,60.0,27.27,11
9604,3,5,60.0,37.5,8
9178,3,5,60.0,37.5,8
6868,3,5,60.0,27.27,11
9993,3,5,60.0,42.86,7
9483,3,6,50.0,6.98,43
10604,3,6,50.0,25.0,12
9519,3,6,50.0,27.27,11
9047,3,6,50.0,30.0,10
9657,3,6,50.0,37.5,8
9166,3,6,50.0,37.5,8
1585,3,6,50.0,33.33,9
3502,3,6,50.0,30.0,10
900,3,6,50.0,4.76,63
9022,3,6,50.0,33.33,9
1546,3,6,50.0,30.0,10
8705,3,6,50.0,33.33,9
6483,3,6,50.0,20.0,15
7516,3,6,50.0,30.0,10
6743,3,6,50.0,25.0,12
3734,3,6,50.0,30.0,10
10608,3,7,42.86,33.33,9
9497,3,7,42.86,33.33,9
8800,3,7,42.86,37.5,8
8182,3,7,42.86,30.0,10
9185,3,7,42.86,37.5,8
10356,3,7,42.86,37.5,8
378,3,7,42.86,33.33,9
10322,3,7,42.86,30.0,10
967,3,7,42.86,12.0,25
987,3,7,42.86,6.52,46
5133,3,7,42.86,21.43,14
6199,3,7,42.86,30.0,10
9120,3,7,42.86,30.0,10
9068,3,7,42.86,27.27,11
10506,3,7,42.86,27.27,11
1726,3,7,42.86,21.43,14
8234,3,7,42.86,33.33,9
148,3,8,37.5,4.55,66
7135,3,8,37.5,30.0,10
2357,3,8,37.5,10.0,30
8798,3,8,37.5,33.33,9
10609,3,8,37.5,25.0,12
8255,3,8,37.5,13.64,22
7474,3,8,37.5,30.0,10
1559,3,8,37.5,11.54,26
7452,3,8,37.5,30.0,10
1339,3,8,37.5,20.0,15
5728,3,8,37.5,25.0,12
7019,3,8,37.5,25.0,12
7551,3,9,33.33,14.29,21
8119,3,9,33.33,12.0,25
9601,3,9,33.33,18.75,16
1710,3,9,33.33,7.89,38
9126,3,9,33.33,9.38,32
5895,3,9,33.33,4.17,72
2056,3,9,33.33,3.33,90
2945,3,9,33.33,14.29,21
10090,3,9,33.33,25.0,12
3090,3,9,33.33,33.33,9
93,3,9,33.33,13.04,23
5189,3,9,33.33,25.0,12
10296,3,9,33.33,25.0,12
1690,3,10,30.0,3.49,86
2512,3,10,30.0,18.75,16
4593,3,10,30.0,12.0,25
6364,3,10,30.0,12.5,24
5515,3,10,30.0,16.67,18
1778,3,10,30.0,4.62,65
4952,3,10,30.0,20.0,15
4729,3,10,30.0,16.67,18
6453,3,10,30.0,20.0,15
9410,3,10,30.0,11.11,27
4598,3,10,30.0,15.0,20
10247,3,10,30.0,21.43,14
7466,3,10,30.0,25.0,12
1902,3,10,30.0,7.32,41
6981,3,10,30.0,25.0,12
1994,3,10,30.0,25.0,12
4174,3,10,30.0,11.54,26
2202,3,10,30.0,9.09,33
10430,3,10,30.0,30.0,10
5903,3,11,27.27,8.33,36
9496,3,11,27.27,3.19,94
5144,3,11,27.27,10.34,29
9043,3,11,27.27,16.67,18
3550,3,11,27.27,11.54,26
4788,3,11,27.27,12.0,25
4391,3,11,27.27,3.37,89
10698,3,11,27.27,13.04,23
7578,3,11,27.27,15.0,20
9461,3,11,27.27,13.04,23
7563,3,11,27.27,7.32,41
5800,3,11,27.27,12.5,24
3630,3,11,27.27,12.0,25
3140,3,11,27.27,12.5,24
1569,3,11,27.27,15.0,20
9593,3,11,27.27,12.5,24
7594,3,11,27.27,16.67,18
108,3,11,27.27,7.5,40
8427,3,11,27.27,11.54,26
810,3,11,27.27,12.0,25
358,3,11,27.27,15.79,19
5667,3,11,27.27,14.29,21
2194,3,11,27.27,8.11,37
3891,3,11,27.27,11.54,26
10368,3,11,27.27,23.08,13
10303,3,11,27.27,20.0,15
3298,3,12,25.0,16.67,18
1538,3,12,25.0,7.69,39
9649,3,12,25.0,15.79,19
3467,3,12,25.0,3.33,90
708,3,12,25.0,7.14,42
3624,3,12,25.0,15.0,20
9662,3,12,25.0,12.5,24
1287,3,12,25.0,6.12,49
8723,3,12,25.0,23.08,13
10034,3,12,25.0,15.0,20
8790,3,12,25.0,17.65,17
8760,3,12,25.0,15.79,19
204,3,12,25.0,9.68,31
5514,3,12,25.0,13.04,23
9200,3,12,25.0,13.04,23
639,3,12,25.0,13.04,23
1775,3,12,25.0,12.5,24
5492,3,12,25.0,11.11,27
7428,3,12,25.0,10.0,30
8885,3,12,25.0,14.29,21
10219,3,12,25.0,12.5,24
9300,3,12,25.0,15.79,19
5842,3,12,25.0,12.5,24
8788,3,12,25.0,12.5,24
3461,3,12,25.0,10.71,28
1446,3,12,25.0,12.5,24
2288,3,12,25.0,11.11,27
10208,3,12,25.0,15.0,20
5816,3,12,25.0,15.0,20
9445,3,12,25.0,12.5,24
3324,3,12,25.0,15.0,20
9668,3,12,25.0,14.29,21
7915,3,12,25.0,12.0,25
6191,3,12,25.0,15.79,19
5232,3,13,23.08,12.0,25
3061,3,13,23.08,7.5,40
5503,3,13,23.08,11.11,27
8033,3,13,23.08,4.23,71
955,3,13,23.08,6.52,46
3258,3,13,23.08,12.5,24
5827,3,13,23.08,10.34,29
6076,3,13,23.08,12.5,24
4682,3,13,23.08,11.11,27
6948,3,13,23.08,12.0,25
8557,3,13,23.08,10.71,28
4947,3,13,23.08,10.71,28
1781,3,13,23.08,10.71,28
4766,3,13,23.08,11.11,27
16,3,13,23.08,6.52,46
3679,3,13,23.08,7.14,42
9773,3,13,23.08,10.71,28
10622,3,13,23.08,12.5,24
4183,3,13,23.08,13.64,22
5012,3,13,23.08,11.11,27
8808,3,13,23.08,7.89,38
9199,3,13,23.08,7.14,42
9458,3,13,23.08,11.11,27
538,3,13,23.08,14.29,21
1329,3,13,23.08,11.54,26
325,3,13,23.08,8.57,35
5933,3,13,23.08,13.64,22
3648,3,13,23.08,12.0,25
123,3,13,23.08,10.34,29
4175,3,13,23.08,12.0,25
8324,3,13,23.08,12.5,24
6933,3,13,23.08,11.54,26
9033,3,13,23.08,9.68,31
9239,3,13,23.08,12.5,24
8604,3,13,23.08,12.5,24
8302,3,13,23.08,12.0,25
6662,3,13,23.08,12.5,24
6636,3,13,23.08,15.79,19
1601,3,13,23.08,14.29,21
3465,3,13,23.08,13.04,23
3247,3,13,23.08,11.11,27
6317,3,13,23.08,10.34,29
4663,3,13,23.08,14.29,21
10553,3,13,23.08,16.67,18
5253,3,14,21.43,8.33,36
4418,3,14,21.43,15.0,20
7225,3,14,21.43,12.5,24
9648,3,14,21.43,10.34,29
749,3,14,21.43,10.71,28
8774,3,14,21.43,12.5,24
118,3,14,21.43,2.24,134
8144,3,14,21.43,11.11,27
346,3,14,21.43,6.82,44
9679,3,14,21.43,12.5,24
5623,3,14,21.43,11.54,26
3881,3,14,21.43,11.54,26
10428,3,14,21.43,8.57,35
9570,3,14,21.43,15.0,20
127,3,14,21.43,11.54,26
1293,3,14,21.43,12.5,24
3673,3,14,21.43,11.54,26
5229,3,14,21.43,10.34,29
5231,3,14,21.43,12.5,24
1647,3,14,21.43,10.34,29
2848,3,14,21.43,6.38,47
6367,3,14,21.43,11.11,27
4015,3,14,21.43,12.5,24
6350,3,14,21.43,11.54,26
364,3,14,21.43,12.0,25
9110,3,14,21.43,10.71,28
9219,3,14,21.43,12.0,25
4256,3,14,21.43,8.33,36
2075,3,14,21.43,3.9,77
6864,3,14,21.43,12.0,25
7528,3,14,21.43,12.5,24
199,3,14,21.43,13.64,22
8700,3,14,21.43,13.64,22
2457,3,14,21.43,7.32,41
1220,3,14,21.43,11.54,26
10139,3,15,20.0,12.5,24
2513,3,15,20.0,12.0,25
8519,3,15,20.0,12.5,24
1504,3,15,20.0,10.71,28
1661,3,15,20.0,8.33,36
3990,3,15,20.0,5.08,59
2969,3,15,20.0,11.11,27
126,3,15,20.0,10.34,29
5642,3,15,20.0,12.5,24
4328,3,15,20.0,11.54,26
10651,3,15,20.0,12.5,24
7597,3,15,20.0,12.5,24
1247,3,15,20.0,10.34,29
1025,3,15,20.0,6.25,48
2246,3,15,20.0,12.5,24
8625,3,15,20.0,12.5,24
5572,3,15,20.0,5.08,59
6887,3,15,20.0,12.5,24
453,3,15,20.0,12.5,24
7503,3,15,20.0,12.5,24
10634,3,15,20.0,11.54,26
10400,3,15,20.0,11.54,26
7091,3,15,20.0,12.5,24
6071,3,15,20.0,12.5,24
10579,3,15,20.0,12.5,24
5549,3,15,20.0,11.54,26
7426,3,15,20.0,5.08,59
3070,3,15,20.0,9.68,31
5410,3,15,20.0,10.34,29
3139,3,15,20.0,14.29,21
9622,3,15,20.0,12.0,25
3799,3,15,20.0,13.64,22
5239,3,15,20.0,11.11,27
6914,3,15,20.0,10.0,30
9736,3,15,20.0,12.5,24
5478,3,15,20.0,12.5,24
7534,3,15,20.0,12.5,24
9756,3,15,20.0,12.5,24
4854,3,15,20.0,12.5,24
2657,3,15,20.0,11.54,26
10214,3,15,20.0,13.64,22
195,3,15,20.0,4.0,75
2170,3,15,20.0,10.34,29
7694,3,15,20.0,12.5,24
10121,3,15,20.0,10.71,28
9403,3,15,20.0,10.71,28
9491,3,15,20.0,11.54,26
9790,3,15,20.0,11.11,27
10072,3,15,20.0,11.54,26
8522,3,15,20.0,10.71,28
8896,3,15,20.0,10.34,29
801,3,15,20.0,7.69,39
2603,3,15,20.0,8.82,34
9462,3,15,20.0,10.71,28
10661,3,15,20.0,11.54,26
4728,3,15,20.0,4.17,72
9296,3,15,20.0,12.5,24
5214,3,15,20.0,12.5,24
10672,3,15,20.0,12.5,24
2077,3,15,20.0,13.64,22
2480,3,15,20.0,13.04,23
10213,3,15,20.0,13.04,23
4319,3,16,18.75,12.5,24
2861,3,16,18.75,11.54,26
9204,3,16,18.75,12.5,24
10667,3,16,18.75,12.5,24
10659,3,16,18.75,12.5,24
4994,3,16,18.75,11.54,26
5050,3,16,18.75,11.54,26
97,3,16,18.75,11.54,26
7104,3,16,18.75,11.11,27
2988,3,16,18.75,12.5,24
10421,3,16,18.75,9.68,31
5090,3,16,18.75,11.54,26
9680,3,16,18.75,12.5,24
5298,3,16,18.75,8.11,37
4499,3,16,18.75,4.23,71
9311,3,16,18.75,10.71,28
4216,3,16,18.75,12.5,24
10473,3,16,18.75,10.71,28
2974,3,16,18.75,3.85,78
4459,3,16,18.75,10.34,29
7603,3,16,18.75,11.54,26
8806,3,16,18.75,8.33,36
6429,3,16,18.75,14.29,21
6558,3,16,18.75,12.5,24
4206,3,16,18.75,10.71,28
6963,3,16,18.75,12.5,24
5347,3,16,18.75,10.71,28
6860,3,16,18.75,12.5,24
1719,3,16,18.75,11.54,26
4539,3,16,18.75,6.98,43
3181,3,16,18.75,9.68,31
191,3,16,18.75,8.33,36
5045,3,16,18.75,13.64,22
1308,3,16,18.75,11.11,27
1164,3,16,18.75,10.34,29
3458,3,16,18.75,10.34,29
9594,3,16,18.75,11.54,26
10664,3,16,18.75,12.5,24
4597,3,16,18.75,12.5,24
7160,3,16,18.75,9.68,31
8285,3,16,18.75,10.71,28
4332,3,16,18.75,12.5,24
2673,3,16,18.75,10.34,29
10491,3,16,18.75,13.04,23
5113,3,16,18.75,10.71,28
10108,3,16,18.75,12.5,24
3196,3,16,18.75,9.68,31
10582,3,16,18.75,12.0,25
7470,3,16,18.75,10.34,29
7818,3,16,18.75,10.71,28
7692,3,16,18.75,12.0,25
6873,3,16,18.75,12.5,24
6230,3,17,17.65,11.11,27
3023,3,17,17.65,13.64,22
8516,3,17,17.65,11.54,26
6017,3,17,17.65,7.14,42
7813,3,17,17.65,12.5,24
4253,3,17,17.65,5.56,54
6036,3,17,17.65,5.45,55
3128,3,17,17.65,5.36,56
8408,3,17,17.65,12.5,24
4060,3,17,17.65,11.11,27
7855,3,17,17.65,12.5,24
9754,3,17,17.65,12.5,24
5491,3,17,17.65,12.5,24
9759,3,17,17.65,11.54,26
5248,3,17,17.65,11.54,26
4473,3,17,17.65,11.11,27
423,3,17,17.65,11.54,26
9238,3,17,17.65,12.5,24
7769,3,17,17.65,3.8,79
9530,3,17,17.65,12.5,24
9584,3,17,17.65,10.0,30
5665,3,17,17.65,8.57,35
9016,3,17,17.65,7.89,38
5533,3,17,17.65,10.71,28
5610,3,17,17.65,11.11,27
6610,3,17,17.65,12.5,24
8610,3,17,17.65,12.5,24
3976,3,17,17.65,12.5,24
7130,3,17,17.65,10.34,29
8090,3,17,17.65,11.11,27
6242,3,17,17.65,10.34,29
3680,3,17,17.65,12.5,24
9607,3,17,17.65,10.34,29
2849,3,17,17.65,12.5,24
4034,3,17,17.65,12.5,24
5534,3,17,17.65,6.52,46
3588,3,17,17.65,12.5,24
1126,3,17,17.65,10.0,30
2010,3,17,17.65,8.33,36
4329,3,17,17.65,8.82,34
8124,3,17,17.65,12.5,24
9248,3,17,17.65,12.5,24
9037,3,17,17.65,13.04,23
5197,3,17,17.65,13.04,23
6094,3,17,17.65,12.5,24
7333,3,17,17.65,12.0,25
3019,3,17,17.65,10.71,28
6895,3,17,17.65,12.5,24
752,3,17,17.65,10.34,29
8764,3,17,17.65,10.34,29
5857,3,17,17.65,13.64,22
3161,3,17,17.65,6.52,46
7848,3,17,17.65,12.0,25
8701,3,17,17.65,9.38,32
6101,3,17,17.65,9.09,33
1014,3,17,17.65,10.71,28
5275,3,17,17.65,13.04,23
8422,3,18,16.67,7.89,38
1732,3,18,16.67,3.75,80
4421,3,18,16.67,7.69,39
2583,3,18,16.67,6.25,48
2147,3,18,16.67,6.52,46
3024,3,18,16.67,11.54,26
4564,3,18,16.67,6.52,46
9703,3,18,16.67,12.5,24
9148,3,18,16.67,12.5,24
10006,3,18,16.67,12.0,25
2543,3,18,16.67,8.11,37
1155,3,18,16.67,9.09,33
6155,3,18,16.67,11.54,26
8426,3,18,16.67,9.38,32
3329,3,18,16.67,7.32,41
3743,3,18,16.67,12.5,24
5970,3,18,16.67,11.11,27
1844,3,18,16.67,12.5,24
8585,3,18,16.67,10.0,30
10390,3,18,16.67,10.71,28
8584,3,18,16.67,11.54,26
10393,3,18,16.67,12.0,25
10133,3,18,16.67,12.5,24
816,3,18,16.67,10.34,29
4652,3,18,16.67,11.11,27
1915,3,18,16.67,11.54,26
564,3,18,16.67,8.11,37
3619,3,18,16.67,12.5,24
9212,3,18,16.67,12.5,24
2914,3,18,16.67,11.11,27
9057,3,18,16.67,9.68,31
5732,3,18,16.67,12.5,24
8758,3,18,16.67,10.34,29
8303,3,18,16.67,12.5,24
2704,3,18,16.67,10.71,28
10493,3,18,16.67,12.5,24
7900,3,18,16.67,13.64,22
10695,3,19,15.79,12.5,24
7039,3,19,15.79,6.52,46
2181,3,19,15.79,7.89,38
66,3,19,15.79,6.82,44
6802,3,19,15.79,6.98,43
5484,3,19,15.79,6.98,43
4219,3,19,15.79,10.0,30
9098,3,19,15.79,5.88,51
9452,3,19,15.79,9.38,32
4918,3,19,15.79,8.57,35
2930,3,19,15.79,3.66,82
10498,3,19,15.79,12.5,24
7248,3,19,15.79,11.54,26
87,3,19,15.79,10.0,30
9492,3,19,15.79,6.38,47
8757,3,19,15.79,10.71,28
4039,3,19,15.79,4.69,64
488,3,19,15.79,6.52,46
10654,3,19,15.79,6.52,46
4734,3,19,15.79,7.32,41
240,3,19,15.79,7.89,38
4546,3,19,15.79,8.33,36
9086,3,19,15.79,11.11,27
668,3,19,15.79,10.71,28
2367,3,19,15.79,13.04,23
5908,3,19,15.79,10.0,30
9692,3,19,15.79,8.11,37
4143,3,19,15.79,5.56,54
4536,3,19,15.79,8.57,35
6428,3,19,15.79,12.5,24
5166,3,19,15.79,4.92,61
818,3,19,15.79,6.38,47
7849,3,19,15.79,12.5,24
4674,3,20,15.0,7.89,38
7660,3,20,15.0,9.09,33
840,3,20,15.0,5.36,56
8879,3,20,15.0,11.54,26
1108,3,20,15.0,5.26,57
2611,3,20,15.0,6.52,46
6443,3,20,15.0,6.98,43
2068,3,20,15.0,10.0,30
5926,3,20,15.0,8.11,37
7869,3,20,15.0,7.14,42
4816,3,20,15.0,9.38,32
6240,3,20,15.0,12.5,24
6220,3,20,15.0,9.68,31
4135,3,20,15.0,8.82,34
5912,3,20,15.0,6.98,43
5282,3,21,14.29,11.54,26
10172,3,21,14.29,9.68,31
1285,3,21,14.29,5.77,52
2839,3,21,14.29,9.38,32
253,3,21,14.29,8.33,36
1051,3,21,14.29,6.52,46
8517,3,21,14.29,6.52,46
1114,3,21,14.29,4.62,65
4980,3,21,14.29,10.71,28
2129,3,21,14.29,4.29,70
9085,3,21,14.29,7.89,38
2458,3,21,14.29,6.98,43
71,3,21,14.29,10.0,30
2935,3,21,14.29,5.0,60
5148,3,21,14.29,9.68,31
3175,3,22,13.64,4.35,69
131,3,22,13.64,4.69,64
1555,3,22,13.64,8.33,36
244,3,22,13.64,5.26,57
6167,3,22,13.64,6.52,46
6079,3,22,13.64,10.71,28
5213,3,22,13.64,10.71,28
5531,3,22,13.64,9.68,31
2495,3,22,13.64,7.32,41
7454,3,22,13.64,6.98,43
8096,3,22,13.64,10.71,28
7195,3,23,13.04,6.98,43
8732,3,23,13.04,6.98,43
247,3,23,13.04,5.88,51
3603,3,23,13.04,5.88,51
9512,3,23,13.04,6.98,43
4,3,23,13.04,6.82,44
4717,3,23,13.04,6.52,46
2198,3,23,13.04,6.98,43
1418,3,23,13.04,5.88,51
6029,3,23,13.04,6.82,44
1391,3,23,13.04,4.92,61
10066,3,23,13.04,7.89,38
6238,3,23,13.04,6.0,50
2080,3,23,13.04,10.34,29
2855,3,23,13.04,7.5,40
3473,3,24,12.5,6.82,44
333,3,24,12.5,10.0,30
10600,3,24,12.5,7.89,38
6974,3,24,12.5,6.38,47
3559,3,24,12.5,8.57,35
7617,3,24,12.5,4.84,62
4419,3,24,12.5,5.77,52
6344,3,25,12.0,6.67,45
2559,3,25,12.0,7.14,42
811,3,25,12.0,6.98,43
4188,3,25,12.0,6.0,50
4930,3,25,12.0,8.57,35
6616,3,25,12.0,7.5,40
25,3,25,12.0,6.82,44
8430,3,25,12.0,6.52,46
8731,3,25,12.0,6.52,46
10279,3,25,12.0,7.5,40
5672,3,25,12.0,7.32,41
10167,3,25,12.0,6.67,45
9580,3,26,11.54,6.67,45
3826,3,26,11.54,6.52,46
10231,3,26,11.54,7.14,42
181,3,26,11.54,5.88,51
1160,3,26,11.54,6.52,46
2415,3,26,11.54,6.0,50
597,3,26,11.54,6.25,48
10079,3,27,11.11,6.0,50
9121,3,27,11.11,6.82,44
10011,3,27,11.11,6.25,48
9710,3,27,11.11,7.14,42
8046,3,27,11.11,4.69,64
6326,3,28,10.71,6.38,47
5104,3,28,10.71,5.26,57
3880,3,28,10.71,6.25,48
10482,3,28,10.71,5.66,53
1018,3,28,10.71,6.25,48
649,3,28,10.71,5.56,54
1967,3,28,10.71,4.92,61
2158,3,29,10.34,7.14,42
5112,3,29,10.34,5.77,52
766,3,29,10.34,4.69,64
4311,3,31,9.68,5.0,60
772,3,32,9.38,6.52,46
2980,3,34,8.82,6.52,46
7797,2,3,66.67,22.22,9
9603,2,3,66.67,25.0,8
9997,2,3,66.67,40.0,5
3267,2,4,50.0,22.22,9
10472,2,4,50.0,16.67,12
8862,2,4,50.0,16.67,12
10470,2,4,50.0,13.33,15
10686,2,4,50.0,22.22,9
5837,2,4,50.0,20.0,10
640,2,4,50.0,22.22,9
10246,2,4,50.0,22.22,9
2501,2,5,40.0,16.67,12
7864,2,5,40.0,22.22,9
8747,2,5,40.0,22.22,9
9020,2,5,40.0,20.0,10
6988,2,5,40.0,22.22,9
8209,2,5,40.0,22.22,9
10000,2,5,40.0,25.0,8
10558,2,5,40.0,25.0,8
10016,2,5,40.0,25.0,8
10424,2,5,40.0,20.0,10
7833,2,5,40.0,20.0,10
6809,2,5,40.0,18.18,11
7858,2,5,40.0,16.67,12
8372,2,5,40.0,20.0,10
4182,2,5,40.0,20.0,10
6590,2,5,40.0,18.18,11
111,2,6,33.33,3.45,58
10580,2,6,33.33,18.18,11
1619,2,6,33.33,4.88,41
3527,2,6,33.33,20.0,10
3054,2,6,33.33,22.22,9
9609,2,6,33.33,5.41,37
9565,2,6,33.33,22.22,9
8261,2,6,33.33,22.22,9
5439,2,6,33.33,12.5,16
9502,2,6,33.33,22.22,9
10549,2,6,33.33,22.22,9
9021,2,6,33.33,18.18,11
10205,2,6,33.33,22.22,9
6038,2,6,33.33,16.67,12
10166,2,6,33.33,22.22,9
9302,2,6,33.33,25.0,8
9617,2,6,33.33,25.0,8
3397,2,6,33.33,18.18,11
10317,2,6,33.33,20.0,10
545,2,6,33.33,20.0,10
5539,2,6,33.33,18.18,11
9579,2,6,33.33,22.22,9
4229,2,6,33.33,22.22,9
4687,2,6,33.33,22.22,9
3038,2,6,33.33,22.22,9
2511,2,6,33.33,22.22,9
9543,2,6,33.33,20.0,10
9018,2,6,33.33,20.0,10
8550,2,6,33.33,22.22,9
7064,2,6,33.33,16.67,12
9152,2,6,33.33,20.0,10
9007,2,6,33.33,20.0,10
9761,2,6,33.33,22.22,9
3760,2,6,33.33,22.22,9
7036,2,6,33.33,22.22,9
5096,2,6,33.33,20.0,10
5932,2,7,28.57,20.0,10
4010,2,7,28.57,15.38,13
6676,2,7,28.57,20.0,10
9089,2,7,28.57,20.0,10
3986,2,7,28.57,11.11,18
10152,2,7,28.57,22.22,9
9295,2,7,28.57,9.52,21
9713,2,7,28.57,22.22,9
4187,2,7,28.57,18.18,11
9073,2,7,28.57,16.67,12
7163,2,7,28.57,18.18,11
9564,2,7,28.57,18.18,11
7758,2,7,28.57,22.22,9
8783,2,7,28.57,25.0,8
9195,2,7,28.57,22.22,9
9045,2,7,28.57,25.0,8
5147,2,7,28.57,20.0,10
554,2,7,28.57,13.33,15
10526,2,7,28.57,15.38,13
8220,2,7,28.57,13.33,15
9467,2,7,28.57,16.67,12
10159,2,7,28.57,22.22,9
10658,2,7,28.57,20.0,10
117,2,7,28.57,8.33,24
9060,2,7,28.57,20.0,10
9019,2,7,28.57,16.67,12
7068,2,7,28.57,10.53,19
8022,2,7,28.57,20.0,10
291,2,7,28.57,20.0,10
3821,2,7,28.57,20.0,10
7652,2,7,28.57,20.0,10
9781,2,7,28.57,22.22,9
3522,2,8,25.0,14.29,14
4230,2,8,25.0,8.33,24
9053,2,8,25.0,20.0,10
3005,2,8,25.0,2.99,67
5409,2,8,25.0,3.85,52
8015,2,8,25.0,10.0,20
6874,2,8,25.0,16.67,12
9510,2,8,25.0,18.18,11
9265,2,8,25.0,16.67,12
2626,2,8,25.0,13.33,15
9102,2,8,25.0,16.67,12
4955,2,8,25.0,16.67,12
6880,2,8,25.0,22.22,9
343,2,8,25.0,3.28,61
10552,2,8,25.0,16.67,12
5988,2,8,25.0,18.18,11
7433,2,8,25.0,10.53,19
8725,2,8,25.0,7.14,28
10548,2,8,25.0,25.0,8
6553,2,8,25.0,22.22,9
6764,2,8,25.0,22.22,9
9503,2,8,25.0,20.0,10
10309,2,8,25.0,15.38,13
10019,2,8,25.0,16.67,12
10140,2,8,25.0,25.0,8
3003,2,8,25.0,8.7,23
4020,2,8,25.0,4.44,45
2338,2,8,25.0,3.85,52
4931,2,8,25.0,13.33,15
4293,2,8,25.0,8.7,23
9479,2,8,25.0,14.29,14
8780,2,8,25.0,16.67,12
9159,2,8,25.0,13.33,15
8042,2,8,25.0,14.29,14
9028,2,8,25.0,14.29,14
1557,2,8,25.0,15.38,13
1730,2,8,25.0,5.0,40
9244,2,8,25.0,20.0,10
9573,2,8,25.0,22.22,9
2090,2,8,25.0,16.67,12
7724,2,8,25.0,15.38,13
2549,2,8,25.0,12.5,16
3745,2,8,25.0,22.22,9
354,2,8,25.0,16.67,12
5806,2,8,25.0,22.22,9
8741,2,9,22.22,20.0,10
7619,2,9,22.22,10.0,20
3526,2,9,22.22,7.69,26
5760,2,9,22.22,16.67,12
9231,2,9,22.22,7.69,26
8224,2,9,22.22,16.67,12
3533,2,9,22.22,16.67,12
8152,2,9,22.22,16.67,12
10002,2,9,22.22,14.29,14
3749,2,9,22.22,9.52,21
5583,2,9,22.22,20.0,10
2408,2,9,22.22,20.0,10
9138,2,9,22.22,18.18,11
5948,2,9,22.22,11.76,17
7906,2,9,22.22,18.18,11
9597,2,9,22.22,7.41,27
8777,2,9,22.22,11.11,18
10042,2,9,22.22,11.76,17
8778,2,9,22.22,15.38,13
6473,2,9,22.22,10.53,19
5027,2,9,22.22,16.67,12
2875,2,9,22.22,8.7,23
10674,2,9,22.22,20.0,10
2410,2,9,22.22,12.5,16
5312,2,9,22.22,13.33,15
7577,2,9,22.22,16.67,12
10327,2,9,22.22,18.18,11
9629,2,9,22.22,16.67,12
120,2,9,22.22,10.0,20
9669,2,9,22.22,16.67,12
1739,2,9,22.22,18.18,11
6045,2,9,22.22,6.06,33
3926,2,9,22.22,12.5,16
3740,2,9,22.22,20.0,10
876,2,10,20.0,3.57,56
2239,2,10,20.0,10.53,19
9044,2,10,20.0,8.7,23
6800,2,10,20.0,2.9,69
10234,2,10,20.0,8.33,24
3132,2,10,20.0,8.0,25
5648,2,10,20.0,18.18,11
9468,2,10,20.0,10.0,20
1912,2,10,20.0,7.69,26
8243,2,10,20.0,10.53,19
5881,2,10,20.0,11.11,18
3959,2,10,20.0,14.29,14
6436,2,10,20.0,7.14,28
1675,2,10,20.0,9.52,21
31,2,10,20.0,10.0,20
1819,2,10,20.0,10.0,20
5847,2,10,20.0,4.55,44
10412,2,10,20.0,13.33,15
4571,2,10,20.0,8.33,24
4859,2,10,20.0,12.5,16
9653,2,10,20.0,12.5,16
6244,2,10,20.0,14.29,14
2231,2,11,18.18,3.03,66
4977,2,11,18.18,9.09,22
4403,2,11,18.18,5.13,39
525,2,11,18.18,6.67,30
5674,2,11,18.18,6.67,30
2539,2,11,18.18,3.23,62
8891,2,11,18.18,9.09,22
10064,2,11,18.18,10.53,19
2905,2,11,18.18,10.0,20
6540,2,11,18.18,16.67,12
395,2,11,18.18,11.11,18
7483,2,11,18.18,7.41,27
2959,2,11,18.18,6.67,30
4226,2,11,18.18,10.53,19
250,2,11,18.18,11.11,18
271,2,11,18.18,9.52,21
1591,2,11,18.18,5.56,36
10223,2,11,18.18,10.53,19
229,2,11,18.18,11.11,18
1706,2,11,18.18,2.63,76
9618,2,11,18.18,6.25,32
5557,2,11,18.18,8.7,23
2352,2,11,18.18,7.14,28
3179,2,11,18.18,7.69,26
1255,2,11,18.18,8.33,24
9091,2,11,18.18,18.18,11
3944,2,11,18.18,11.11,18
6512,2,11,18.18,6.67,30
3193,2,11,18.18,10.0,20
6648,2,11,18.18,11.11,18
4778,2,11,18.18,10.0,20
3669,2,11,18.18,8.7,23
8713,2,11,18.18,11.11,18
10173,2,12,16.67,11.11,18
2143,2,12,16.67,8.33,24
2977,2,12,16.67,11.11,18
4011,2,12,16.67,11.11,18
8528,2,12,16.67,8.33,24
7477,2,12,16.67,8.33,24
9241,2,12,16.67,8.0,25
9003,2,12,16.67,6.67,30
5676,2,12,16.67,6.9,29
6885,2,12,16.67,10.53,19
6657,2,12,16.67,7.69,26
192,2,12,16.67,8.0,25
5141,2,12,16.67,8.7,23
5927,2,12,16.67,6.9,29
1745,2,12,16.67,7.69,26
9079,2,12,16.67,7.69,26
8020,2,12,16.67,5.41,37
4336,2,12,16.67,8.7,23
6391,2,12,16.67,5.26,38
8611,2,12,16.67,6.9,29
3824,2,12,16.67,8.0,25
7072,2,12,16.67,7.41,27
4944,2,12,16.67,8.0,25
4758,2,12,16.67,8.33,24
8105,2,12,16.67,7.69,26
7145,2,12,16.67,7.14,28
8297,2,12,16.67,8.33,24
233,2,12,16.67,3.7,54
10705,2,12,16.67,8.33,24
1529,2,12,16.67,8.33,24
696,2,12,16.67,5.0,40
10017,2,12,16.67,10.0,20
8817,2,12,16.67,7.69,26
2345,2,12,16.67,9.09,22
8531,2,12,16.67,10.53,19
8222,2,12,16.67,9.52,21
10264,2,12,16.67,11.11,18
5826,2,13,15.38,6.67,30
8122,2,13,15.38,7.14,28
2526,2,13,15.38,8.7,23
4623,2,13,15.38,11.11,18
5697,2,13,15.38,8.33,24
9757,2,13,15.38,6.9,29
4141,2,13,15.38,5.56,36
7125,2,13,15.38,8.33,24
2550,2,13,15.38,5.88,34
9438,2,13,15.38,8.33,24
5501,2,13,15.38,7.69,26
5167,2,13,15.38,7.69,26
9431,2,13,15.38,8.33,24
7856,2,13,15.38,8.33,24
3572,2,13,15.38,3.17,63
3597,2,13,15.38,7.14,28
9575,2,13,15.38,8.33,24
7777,2,13,15.38,8.7,23
1458,2,13,15.38,8.0,25
5025,2,13,15.38,10.0,20
10131,2,13,15.38,8.7,23
4561,2,13,15.38,3.7,54
5746,2,13,15.38,8.33,24
2168,2,13,15.38,6.9,29
1322,2,13,15.38,6.9,29
8404,2,13,15.38,9.52,21
3681,2,13,15.38,6.67,30
5464,2,13,15.38,8.33,24
3004,2,13,15.38,11.11,18
7165,2,13,15.38,8.7,23
3058,2,13,15.38,5.71,35
5424,2,13,15.38,6.9,29
1350,2,13,15.38,8.33,24
7634,2,13,15.38,10.0,20
10590,2,13,15.38,7.14,28
5716,2,13,15.38,6.45,31
2478,2,13,15.38,7.41,27
10423,2,13,15.38,8.33,24
5295,2,13,15.38,8.33,24
2854,2,13,15.38,8.7,23
4990,2,13,15.38,9.52,21
2040,2,13,15.38,7.41,27
4501,2,13,15.38,7.41,27
3729,2,13,15.38,10.53,19
3302,2,13,15.38,8.0,25
10523,2,13,15.38,7.69,26
2667,2,13,15.38,7.69,26
6909,2,13,15.38,10.0,20
7531,2,13,15.38,9.09,22
1802,2,13,15.38,8.33,24
3408,2,13,15.38,9.09,22
9739,2,14,14.29,8.33,24
1657,2,14,14.29,7.69,26
10612,2,14,14.29,8.33,24
1,2,14,14.29,7.14,28
894,2,14,14.29,6.9,29
5285,2,14,14.29,8.7,23
5866,2,14,14.29,8.33,24
3952,2,14,14.29,8.7,23
10411,2,14,14.29,8.33,24
10653,2,14,14.29,7.69,26
9732,2,14,14.29,7.41,27
862,2,14,14.29,2.08,96
6561,2,14,14.29,8.33,24
2872,2,14,14.29,5.0,40
4646,2,14,14.29,4.0,50
5227,2,14,14.29,8.0,25
8761,2,14,14.29,8.33,24
6083,2,14,14.29,5.41,37
8805,2,14,14.29,8.33,24
9501,2,14,14.29,5.0,40
8326,2,14,14.29,6.06,33
6016,2,14,14.29,8.33,24
5689,2,14,14.29,6.67,30
8006,2,14,14.29,9.52,21
10455,2,14,14.29,7.69,26
2927,2,14,14.29,8.33,24
2906,2,14,14.29,7.14,28
3039,2,14,14.29,8.7,23
7565,2,14,14.29,5.56,36
1288,2,14,14.29,9.52,21
5822,2,14,14.29,8.7,23
2067,2,14,14.29,6.9,29
5555,2,14,14.29,6.9,29
8827,2,14,14.29,7.69,26
2662,2,14,14.29,8.7,23
5438,2,14,14.29,7.69,26
9106,2,14,14.29,8.33,24
10629,2,14,14.29,8.33,24
2789,2,14,14.29,7.41,27
5225,2,14,14.29,8.33,24
1468,2,14,14.29,5.13,39
4121,2,14,14.29,6.06,33
9194,2,14,14.29,10.53,19
2359,2,14,14.29,10.0,20
7515,2,14,14.29,8.7,23
6832,2,14,14.29,10.0,20
5541,2,14,14.29,8.7,23
5271,2,14,14.29,10.53,19
2240,2,15,13.33,5.56,36
3472,2,15,13.33,7.41,27
10384,2,15,13.33,7.41,27
5613,2,15,13.33,8.33,24
5212,2,15,13.33,7.41,27
1477,2,15,13.33,3.03,66
852,2,15,13.33,7.69,26
323,2,15,13.33,7.14,28
9638,2,15,13.33,8.33,24
7520,2,15,13.33,3.51,57
10361,2,15,13.33,8.33,24
6882,2,15,13.33,8.0,25
9175,2,15,13.33,8.0,25
8719,2,15,13.33,9.09,22
1208,2,15,13.33,6.9,29
5263,2,15,13.33,8.33,24
3773,2,15,13.33,8.33,24
4737,2,15,13.33,7.69,26
8179,2,15,13.33,6.25,32
698,2,15,13.33,8.0,25
9404,2,15,13.33,8.7,23
1389,2,15,13.33,6.67,30
4464,2,15,13.33,8.33,24
6498,2,15,13.33,7.69,26
100,2,15,13.33,7.41,27
4645,2,15,13.33,7.14,28
5070,2,15,13.33,7.41,27
159,2,15,13.33,9.52,21
6352,2,15,13.33,8.0,25
5065,2,15,13.33,8.33,24
6358,2,15,13.33,8.7,23
8769,2,16,12.5,6.45,31
9613,2,16,12.5,8.33,24
2180,2,16,12.5,6.9,29
10285,2,16,12.5,8.33,24
6620,2,16,12.5,8.33,24
4472,2,16,12.5,7.14,28
4730,2,16,12.5,6.9,29
4285,2,16,12.5,6.9,29
3147,2,16,12.5,7.41,27
10029,2,16,12.5,8.33,24
1501,2,16,12.5,2.2,91
8013,2,16,12.5,3.57,56
4173,2,16,12.5,8.33,24
6463,2,16,12.5,11.11,18
9067,2,16,12.5,7.41,27
3568,2,16,12.5,8.33,24
10444,2,16,12.5,8.33,24
7645,2,16,12.5,5.13,39
8130,2,16,12.5,7.41,27
219,2,16,12.5,7.14,28
7890,2,16,12.5,6.9,29
10547,2,16,12.5,8.33,24
5830,2,16,12.5,6.9,29
9169,2,16,12.5,7.41,27
9643,2,16,12.5,8.0,25
7088,2,16,12.5,8.33,24
1119,2,16,12.5,7.14,28
3200,2,16,12.5,8.7,23
9205,2,16,12.5,8.33,24
5472,2,16,12.5,4.0,50
9100,2,16,12.5,6.9,29
486,2,16,12.5,7.41,27
10679,2,16,12.5,7.69,26
1307,2,16,12.5,6.67,30
178,2,16,12.5,7.14,28
10252,2,16,12.5,8.7,23
5919,2,16,12.5,6.06,33
3560,2,16,12.5,8.33,24
4269,2,16,12.5,6.25,32
2169,2,16,12.5,5.88,34
5470,2,16,12.5,8.33,24
8832,2,16,12.5,8.33,24
5704,2,16,12.5,8.0,25
6749,2,16,12.5,6.25,32
22,2,16,12.5,9.09,22
5715,2,17,11.76,5.26,38
7112,2,17,11.76,4.65,43
8385,2,17,11.76,8.33,24
9182,2,17,11.76,6.06,33
9054,2,17,11.76,7.69,26
10062,2,17,11.76,8.33,24
10181,2,17,11.76,7.14,28
7254,2,17,11.76,8.33,24
3623,2,17,11.76,7.41,27
9709,2,17,11.76,8.33,24
1939,2,17,11.76,7.41,27
8112,2,17,11.76,8.7,23
4325,2,17,11.76,7.69,26
9731,2,17,11.76,8.33,24
1539,2,17,11.76,8.33,24
203,2,17,11.76,7.41,27
10266,2,17,11.76,8.33,24
6112,2,17,11.76,6.9,29
1360,2,17,11.76,4.26,47
2928,2,17,11.76,7.69,26
8069,2,17,11.76,7.14,28
7810,2,17,11.76,6.06,33
7808,2,17,11.76,8.33,24
4390,2,17,11.76,8.33,24
10449,2,17,11.76,8.33,24
4580,2,17,11.76,8.33,24
8707,2,17,11.76,8.0,25
1027,2,17,11.76,8.33,24
5596,2,17,11.76,7.14,28
1351,2,17,11.76,4.76,42
3543,2,17,11.76,7.69,26
4091,2,17,11.76,10.0,20
6166,2,17,11.76,7.14,28
9472,2,17,11.76,7.69,26
5310,2,17,11.76,8.33,24
9424,2,17,11.76,6.45,31
1576,2,18,11.11,4.76,42
9301,2,18,11.11,5.13,39
6631,2,18,11.11,8.33,24
4392,2,18,11.11,5.41,37
10434,2,18,11.11,8.33,24
7658,2,18,11.11,8.33,24
10338,2,18,11.11,8.33,24
9549,2,18,11.11,8.33,24
9664,2,18,11.11,8.33,24
1795,2,18,11.11,6.45,31
3958,2,18,11.11,8.33,24
9674,2,18,11.11,7.41,27
9193,2,18,11.11,8.33,24
7677,2,18,11.11,6.45,31
34,2,18,11.11,5.56,36
432,2,18,11.11,5.88,34
86,2,18,11.11,5.13,39
6910,2,18,11.11,7.14,28
4008,2,18,11.11,8.33,24
6908,2,18,11.11,7.14,28
8750,2,18,11.11,8.33,24
9125,2,18,11.11,6.06,33
1769,2,18,11.11,4.88,41
10435,2,18,11.11,6.9,29
9521,2,18,11.11,8.33,24
8706,2,18,11.11,6.67,30
8115,2,18,11.11,7.41,27
1943,2,19,10.53,6.67,30
1580,2,19,10.53,8.33,24
9697,2,19,10.53,8.33,24
7415,2,19,10.53,6.9,29
3009,2,19,10.53,4.35,46
2898,2,19,10.53,6.45,31
2584,2,19,10.53,5.0,40
10598,2,19,10.53,5.71,35
5527,2,19,10.53,5.88,34
4395,2,19,10.53,7.69,26
8767,2,19,10.53,8.33,24
7772,2,19,10.53,7.41,27
8850,2,19,10.53,7.41,27
5036,2,19,10.53,4.44,45
4043,2,19,10.53,4.26,47
9559,2,19,10.53,8.33,24
7713,2,19,10.53,8.33,24
9150,2,19,10.53,6.67,30
6768,2,19,10.53,6.25,32
8586,2,19,10.53,6.25,32
9513,2,19,10.53,6.45,31
3481,2,19,10.53,5.13,39
3876,2,19,10.53,8.33,24
4576,2,19,10.53,8.7,23
4169,2,19,10.53,8.33,24
9753,2,19,10.53,8.33,24
7907,2,19,10.53,8.0,25
435,2,19,10.53,6.25,32
6725,2,19,10.53,4.88,41
6854,2,19,10.53,7.14,28
8397,2,19,10.53,4.55,44
1577,2,20,10.0,4.08,49
4295,2,20,10.0,8.0,25
3255,2,20,10.0,2.86,70
3970,2,20,10.0,3.33,60
8771,2,20,10.0,5.88,34
8704,2,20,10.0,8.33,24
8032,2,20,10.0,6.67,30
9059,2,20,10.0,6.06,33
288,2,20,10.0,4.17,48
2604,2,20,10.0,8.33,24
399,2,21,9.52,3.92,51
6135,2,21,9.52,4.44,45
5216,2,21,9.52,3.12,64
1507,2,21,9.52,3.92,51
4004,2,21,9.52,5.0,40
7674,2,21,9.52,5.41,37
6925,2,21,9.52,4.76,42
3835,2,22,9.09,6.9,29
9738,2,22,9.09,5.13,39
5135,2,22,9.09,5.13,39
4639,2,22,9.09,4.17,48
4688,2,22,9.09,5.26,38
2601,2,22,9.09,6.67,30
2609,2,22,9.09,4.76,42
5607,2,22,9.09,6.9,29
6932,2,22,9.09,6.9,29
5098,2,22,9.09,4.08,49
4255,2,22,9.09,5.56,36
8175,2,23,8.7,5.0,40
2648,2,24,8.33,3.64,55
619,2,24,8.33,5.13,39
1983,2,24,8.33,4.55,44
2204,2,24,8.33,4.17,48
10492,2,24,8.33,4.76,42
7155,2,25,8.0,5.41,37
10332,2,25,8.0,4.55,44
3537,2,25,8.0,4.55,44
9659,2,25,8.0,5.0,40
5024,2,25,8.0,4.44,45
10218,2,25,8.0,5.13,39
5150,2,26,7.69,4.26,47
9506,2,26,7.69,4.65,43
2234,2,27,7.41,5.13,39
4361,2,27,7.41,3.85,52
1334,2,27,7.41,4.88,41
6615,2,33,6.06,2.63,76
4192,2,36,5.56,3.92,51
10141,1,2,50.0,11.11,9
7536,1,2,50.0,8.33,12
9233,1,2,50.0,6.67,15
7288,1,2,50.0,11.11,9
9995,1,2,50.0,20.0,5
10623,1,3,33.33,11.11,9
10432,1,3,33.33,12.5,8
9070,1,3,33.33,8.33,12
7050,1,3,33.33,6.67,15
7672,1,3,33.33,11.11,9
9421,1,3,33.33,9.09,11
9050,1,3,33.33,9.09,11
6414,1,3,33.33,12.5,8
7485,1,3,33.33,11.11,9
2207,1,3,33.33,11.11,9
2393,1,3,33.33,10.0,10
9220,1,3,33.33,8.33,12
9999,1,3,33.33,20.0,5
4741,1,4,25.0,11.11,9
10692,1,4,25.0,12.5,8
6417,1,4,25.0,4.0,25
8242,1,4,25.0,11.11,9
7539,1,4,25.0,2.56,39
9422,1,4,25.0,12.5,8
9690,1,4,25.0,11.11,9
10321,1,4,25.0,11.11,9
10261,1,4,25.0,11.11,9
9451,1,4,25.0,12.5,8
10425,1,4,25.0,11.11,9
3300,1,4,25.0,11.11,9
9049,1,4,25.0,12.5,8
9163,1,4,25.0,12.5,8
9046,1,4,25.0,12.5,8
2340,1,4,25.0,11.11,9
10343,1,4,25.0,12.5,8
9066,1,4,25.0,12.5,8
8077,1,4,25.0,9.09,11
3240,1,4,25.0,8.33,12
10478,1,4,25.0,8.33,12
10216,1,4,25.0,6.67,15
6184,1,4,25.0,7.69,13
10516,1,4,25.0,11.11,9
8791,1,4,25.0,10.0,10
9475,1,4,25.0,10.0,10
2161,1,4,25.0,9.09,11
3660,1,4,25.0,8.33,12
7687,1,4,25.0,10.0,10
1572,1,4,25.0,11.11,9
7030,1,4,25.0,11.11,9
7850,1,4,25.0,11.11,9
8839,1,4,25.0,11.11,9
10186,1,4,25.0,10.0,10
6181,1,4,25.0,8.33,12
3751,1,4,25.0,10.0,10
3163,1,4,25.0,10.0,10
2518,1,4,25.0,10.0,10
10471,1,4,25.0,9.09,11
10399,1,4,25.0,11.11,9
3212,1,5,20.0,11.11,9
6758,1,5,20.0,7.69,13
8740,1,5,20.0,10.0,10
4215,1,5,20.0,11.11,9
9532,1,5,20.0,11.11,9
10576,1,5,20.0,11.11,9
8092,1,5,20.0,11.11,9
7035,1,5,20.0,11.11,9
10675,1,5,20.0,11.11,9
6402,1,5,20.0,9.09,11
10209,1,5,20.0,12.5,8
7296,1,5,20.0,11.11,9
10445,1,5,20.0,11.11,9
10236,1,5,20.0,12.5,8
10353,1,5,20.0,12.5,8
1796,1,5,20.0,1.39,72
7471,1,5,20.0,8.33,12
6369,1,5,20.0,1.61,62
6497,1,5,20.0,7.14,14
10342,1,5,20.0,9.09,11
4613,1,5,20.0,1.85,54
10383,1,5,20.0,12.5,8
7086,1,5,20.0,8.33,12
4191,1,5,20.0,11.11,9
10243,1,5,20.0,12.5,8
9441,1,5,20.0,10.0,10
9155,1,5,20.0,10.0,10
5655,1,5,20.0,7.69,13
877,1,5,20.0,11.11,9
10345,1,5,20.0,12.5,8
3951,1,5,20.0,11.11,9
7117,1,5,20.0,10.0,10
7436,1,5,20.0,7.69,13
8810,1,5,20.0,12.5,8
7522,1,5,20.0,4.0,25
7738,1,5,20.0,12.5,8
7500,1,5,20.0,8.33,12
9698,1,5,20.0,10.0,10
10597,1,5,20.0,10.0,10
254,1,5,20.0,1.54,65
496,1,5,20.0,10.0,10
5145,1,5,20.0,10.0,10
6834,1,5,20.0,11.11,9
4024,1,5,20.0,10.0,10
28,1,5,20.0,10.0,10
329,1,5,20.0,7.14,14
3807,1,5,20.0,11.11,9
1303,1,5,20.0,11.11,9
8334,1,5,20.0,11.11,9
10380,1,5,20.0,9.09,11
3577,1,5,20.0,7.69,13
8888,1,5,20.0,11.11,9
9645,1,5,20.0,8.33,12
4702,1,5,20.0,9.09,11
3454,1,5,20.0,11.11,9
7077,1,5,20.0,10.0,10
4012,1,5,20.0,11.11,9
3204,1,5,20.0,11.11,9
8802,1,5,20.0,10.0,10
10500,1,5,20.0,11.11,9
2141,1,5,20.0,11.11,9
6047,1,6,16.67,11.11,9
4584,1,6,16.67,7.69,13
9282,1,6,16.67,10.0,10
9641,1,6,16.67,10.0,10
6188,1,6,16.67,10.0,10
4627,1,6,16.67,8.33,12
9465,1,6,16.67,9.09,11
10050,1,6,16.67,11.11,9
8084,1,6,16.67,8.33,12
6232,1,6,16.67,12.5,8
10328,1,6,16.67,12.5,8
10244,1,6,16.67,5.88,17
9026,1,6,16.67,12.5,8
10531,1,6,16.67,11.11,9
6228,1,6,16.67,12.5,8
8263,1,6,16.67,12.5,8
3532,1,6,16.67,8.33,12
5440,1,6,16.67,6.67,15
8132,1,6,16.67,6.67,15
1756,1,6,16.67,2.22,45
6508,1,6,16.67,7.69,13
5876,1,6,16.67,6.67,15
9189,1,6,16.67,9.09,11
5883,1,6,16.67,9.09,11
8169,1,6,16.67,3.7,27
7570,1,6,16.67,8.33,12
9264,1,6,16.67,9.09,11
7298,1,6,16.67,11.11,9
9436,1,6,16.67,12.5,8
4972,1,6,16.67,10.0,10
7323,1,6,16.67,11.11,9
590,1,6,16.67,10.0,10
9614,1,6,16.67,12.5,8
4330,1,6,16.67,8.33,12
6744,1,6,16.67,10.0,10
5176,1,6,16.67,10.0,10
8624,1,6,16.67,9.09,11
8174,1,6,16.67,9.09,11
3166,1,6,16.67,5.56,18
5071,1,6,16.67,9.09,11
7002,1,6,16.67,12.5,8
6394,1,6,16.67,12.5,8
7047,1,6,16.67,12.5,8
3242,1,6,16.67,10.0,10
8861,1,6,16.67,10.0,10
5940,1,6,16.67,1.2,83
2797,1,6,16.67,10.0,10
9670,1,6,16.67,6.25,16
431,1,6,16.67,10.0,10
6732,1,6,16.67,11.11,9
10682,1,6,16.67,8.33,12
8267,1,6,16.67,8.33,12
1827,1,6,16.67,8.33,12
7653,1,6,16.67,10.0,10
8848,1,6,16.67,7.14,14
9684,1,6,16.67,8.33,12
6704,1,6,16.67,6.67,15
10714,1,6,16.67,11.11,9
4664,1,6,16.67,11.11,9
2151,1,6,16.67,8.33,12
8512,1,6,16.67,8.33,12
9494,1,6,16.67,9.09,11
8824,1,6,16.67,11.11,9
10439,1,6,16.67,11.11,9
6825,1,6,16.67,10.0,10
8387,1,6,16.67,10.0,10
6824,1,6,16.67,10.0,10
1832,1,6,16.67,10.0,10
10378,1,6,16.67,10.0,10
5965,1,6,16.67,11.11,9
9660,1,6,16.67,11.11,9
9437,1,6,16.67,11.11,9
5421,1,6,16.67,11.11,9
9509,1,6,16.67,11.11,9
335,1,6,16.67,11.11,9
8045,1,6,16.67,11.11,9
10490,1,7,14.29,11.11,9
4371,1,7,14.29,10.0,10
4360,1,7,14.29,5.26,19
7041,1,7,14.29,11.11,9
7287,1,7,14.29,8.33,12
10527,1,7,14.29,10.0,10
7167,1,7,14.29,10.0,10
7796,1,7,14.29,10.0,10
10528,1,7,14.29,9.09,11
5773,1,7,14.29,10.0,10
8071,1,7,14.29,12.5,8
5443,1,7,14.29,8.33,12
6300,1,7,14.29,5.56,18
1884,1,7,14.29,8.33,12
5331,1,7,14.29,7.14,14
9146,1,7,14.29,9.09,11
10437,1,7,14.29,9.09,11
7128,1,7,14.29,7.69,13
6476,1,7,14.29,9.09,11
9457,1,7,14.29,8.33,12
6934,1,7,14.29,11.11,9
7327,1,7,14.29,11.11,9
5929,1,7,14.29,11.11,9
9092,1,7,14.29,4.0,25
1927,1,7,14.29,10.0,10
9675,1,7,14.29,12.5,8
9048,1,7,14.29,12.5,8
5060,1,7,14.29,8.33,12
10058,1,7,14.29,8.33,12
10177,1,7,14.29,11.11,9
10162,1,7,14.29,11.11,9
4179,1,7,14.29,11.11,9
4622,1,7,14.29,10.0,10
5740,1,7,14.29,4.0,25
884,1,7,14.29,10.0,10
9004,1,7,14.29,11.11,9
871,1,7,14.29,8.33,12
7403,1,7,14.29,10.0,10
8775,1,7,14.29,10.0,10
4458,1,7,14.29,4.0,25
10513,1,7,14.29,11.11,9
514,1,7,14.29,10.0,10
10402,1,7,14.29,10.0,10
9701,1,7,14.29,10.0,10
2261,1,7,14.29,11.11,9
2259,1,7,14.29,11.11,9
8266,1,7,14.29,7.69,13
7479,1,7,14.29,11.11,9
8558,1,7,14.29,10.0,10
5493,1,7,14.29,11.11,9
2840,1,7,14.29,9.09,11
10562,1,7,14.29,10.0,10
1011,1,7,14.29,9.09,11
10483,1,7,14.29,8.33,12
8870,1,7,14.29,11.11,9
6515,1,7,14.29,10.0,10
6822,1,7,14.29,9.09,11
9075,1,7,14.29,10.0,10
5149,1,7,14.29,11.11,9
7201,1,7,14.29,9.09,11
8766,1,7,14.29,10.0,10
7560,1,7,14.29,9.09,11
7541,1,7,14.29,5.56,18
8570,1,7,14.29,2.44,41
10395,1,7,14.29,11.11,9
5041,1,7,14.29,5.0,20
1566,1,7,14.29,11.11,9
8899,1,7,14.29,8.33,12
9426,1,7,14.29,10.0,10
7654,1,7,14.29,10.0,10
5918,1,7,14.29,9.09,11
10045,1,7,14.29,10.0,10
2856,1,7,14.29,10.0,10
10626,1,7,14.29,10.0,10
8787,1,7,14.29,10.0,10
6628,1,7,14.29,10.0,10
9768,1,7,14.29,11.11,9
8887,1,7,14.29,10.0,10
9708,1,7,14.29,11.11,9
6489,1,7,14.29,10.0,10
9456,1,7,14.29,11.11,9
3993,1,7,14.29,9.09,11
10522,1,7,14.29,10.0,10
5614,1,8,12.5,1.67,60
10529,1,8,12.5,10.0,10
4362,1,8,12.5,3.45,29
3295,1,8,12.5,10.0,10
10427,1,8,12.5,10.0,10
3728,1,8,12.5,8.33,12
4400,1,8,12.5,1.64,61
7700,1,8,12.5,8.33,12
10043,1,8,12.5,6.67,15
3536,1,8,12.5,1.72,58
6479,1,8,12.5,4.35,23
10446,1,8,12.5,9.09,11
2183,1,8,12.5,4.76,21
5005,1,8,12.5,9.09,11
6411,1,8,12.5,9.09,11
6922,1,8,12.5,8.33,12
8795,1,8,12.5,8.33,12
8828,1,8,12.5,7.14,14
1759,1,8,12.5,10.0,10
10372,1,8,12.5,8.33,12
2869,1,8,12.5,4.17,24
1803,1,8,12.5,10.0,10
3137,1,8,12.5,7.69,13
3507,1,8,12.5,9.09,11
9136,1,8,12.5,3.45,29
4401,1,8,12.5,6.25,16
7703,1,8,12.5,9.09,11
10256,1,8,12.5,6.25,16
10263,1,8,12.5,7.14,14
8615,1,8,12.5,8.33,12
2445,1,8,12.5,7.14,14
2348,1,8,12.5,8.33,12
4863,1,8,12.5,8.33,12
8863,1,8,12.5,9.09,11
5871,1,8,12.5,11.11,9
2264,1,8,12.5,9.09,11
8756,1,8,12.5,11.11,9
1940,1,8,12.5,8.33,12
9498,1,8,12.5,10.0,10
10138,1,8,12.5,8.33,12
4630,1,8,12.5,10.0,10
4306,1,8,12.5,10.0,10
8581,1,8,12.5,7.69,13
7717,1,8,12.5,10.0,10
3777,1,8,12.5,10.0,10
10228,1,8,12.5,10.0,10
10377,1,8,12.5,10.0,10
2606,1,8,12.5,10.0,10
9760,1,8,12.5,9.09,11
3390,1,8,12.5,11.11,9
11024,1,8,12.5,9.09,11
9599,1,9,11.11,3.7,27
7742,1,9,11.11,6.25,16
9591,1,9,11.11,6.67,15
6929,1,9,11.11,7.14,14
3201,1,9,11.11,2.86,35
9429,1,9,11.11,8.33,12
9608,1,9,11.11,8.33,12
6510,1,9,11.11,2.7,37
9590,1,9,11.11,9.09,11
6127,1,9,11.11,8.33,12
4565,1,9,11.11,8.33,12
60,1,9,11.11,3.7,27
1828,1,9,11.11,8.33,12
6430,1,9,11.11,7.14,14
4065,1,9,11.11,3.7,27
10515,1,9,11.11,6.67,15
2487,1,9,11.11,10.0,10
2347,1,9,11.11,10.0,10
4027,1,9,11.11,3.7,27
3692,1,9,11.11,4.76,21
4156,1,9,11.11,8.33,12
937,1,9,11.11,8.33,12
9499,1,9,11.11,10.0,10
7018,1,9,11.11,10.0,10
8852,1,9,11.11,4.0,25
4787,1,9,11.11,4.35,23
5049,1,9,11.11,10.0,10
3848,1,9,11.11,10.0,10
1410,1,10,10.0,4.55,22
7021,1,10,10.0,2.78,36
6353,1,10,10.0,5.56,18
7576,1,10,10.0,4.17,24
6622,1,10,10.0,7.14,14
7718,1,10,10.0,5.56,18
3847,1,10,10.0,1.54,65
6432,1,10,10.0,7.14,14
7094,1,10,10.0,4.0,25
7459,1,10,10.0,5.0,20
3171,1,10,10.0,5.56,18
4130,1,10,10.0,3.85,26
5587,1,10,10.0,3.45,29
451,1,10,10.0,5.26,19
3260,1,10,10.0,5.26,19
4991,1,10,10.0,4.17,24
1592,1,10,10.0,4.17,24
527,1,10,10.0,7.14,14
5119,1,10,10.0,6.67,15
5442,1,10,10.0,4.17,24
5914,1,10,10.0,4.35,23
10298,1,10,10.0,8.33,12
3291,1,11,9.09,5.26,19
9207,1,11,9.09,4.17,24
2811,1,11,9.09,2.04,49
10370,1,11,9.09,4.0,25
3218,1,11,9.09,2.38,42
9232,1,11,9.09,4.55,22
7748,1,11,9.09,4.76,21
6533,1,11,9.09,4.17,24
9548,1,11,9.09,3.57,28
4160,1,11,9.09,5.0,20
9405,1,11,9.09,5.26,19
7895,1,11,9.09,5.0,20
6073,1,11,9.09,4.0,25
7137,1,11,9.09,3.12,32
3484,1,11,9.09,5.0,20
10207,1,11,9.09,5.26,19
5413,1,11,9.09,5.26,19
3984,1,11,9.09,5.26,19
2333,1,11,9.09,5.0,20
2083,1,11,9.09,4.55,22
4768,1,11,9.09,4.17,24
3691,1,12,8.33,5.26,19
9578,1,12,8.33,5.0,20
6067,1,12,8.33,4.17,24
2990,1,12,8.33,3.57,28
6884,1,12,8.33,4.35,23
2658,1,12,8.33,5.26,19
379,1,12,8.33,3.03,33
3017,1,12,8.33,5.56,18
3620,1,12,8.33,1.52,66
314,1,12,8.33,4.17,24
10587,1,12,8.33,4.17,24
8286,1,12,8.33,4.0,25
6569,1,12,8.33,3.7,27
8709,1,12,8.33,3.7,27
1099,1,12,8.33,4.17,24
8060,1,12,8.33,5.0,20
2221,1,12,8.33,4.76,21
10466,1,12,8.33,4.76,21
6107,1,12,8.33,4.76,21
578,1,12,8.33,5.56,18
10605,1,12,8.33,4.0,25
9024,1,12,8.33,3.7,27
830,1,12,8.33,3.12,32
751,1,12,8.33,4.35,23
21,1,12,8.33,3.85,26
1708,1,12,8.33,3.85,26
4150,1,12,8.33,5.26,19
7431,1,12,8.33,5.0,20
9551,1,12,8.33,3.85,26
2551,1,12,8.33,5.0,20
7667,1,12,8.33,4.17,24
2477,1,12,8.33,5.56,18
5690,1,13,7.69,3.33,30
3381,1,13,7.69,5.56,18
2283,1,13,7.69,3.33,30
5586,1,13,7.69,5.56,18
1716,1,13,7.69,5.56,18
4619,1,13,7.69,5.0,20
5467,1,13,7.69,4.17,24
5525,1,13,7.69,3.57,28
2053,1,13,7.69,2.86,35
6424,1,13,7.69,1.72,58
7662,1,13,7.69,4.55,22
9077,1,13,7.69,3.33,30
6113,1,13,7.69,4.17,24
5706,1,13,7.69,4.17,24
3925,1,13,7.69,5.0,20
4238,1,13,7.69,5.26,19
5889,1,13,7.69,5.0,20
6090,1,13,7.69,3.57,28
7755,1,13,7.69,4.35,23
5666,1,13,7.69,3.85,26
8564,1,13,7.69,3.45,29
9210,1,13,7.69,3.7,27
6859,1,13,7.69,3.85,26
6305,1,13,7.69,4.55,22
2641,1,13,7.69,4.76,21
3596,1,13,7.69,4.55,22
7417,1,13,7.69,4.17,24
2165,1,13,7.69,4.0,25
6875,1,13,7.69,4.17,24
4085,1,13,7.69,5.0,20
9787,1,13,7.69,4.17,24
7725,1,14,7.14,4.76,21
7178,1,14,7.14,4.17,24
10668,1,14,7.14,4.0,25
8088,1,14,7.14,2.22,45
7668,1,14,7.14,5.56,18
1810,1,14,7.14,3.7,27
9031,1,14,7.14,4.76,21
919,1,14,7.14,3.23,31
9034,1,14,7.14,3.57,28
6921,1,14,7.14,3.33,30
4827,1,14,7.14,3.85,26
2429,1,14,7.14,2.86,35
9435,1,14,7.14,5.26,19
9484,1,14,7.14,2.63,38
7111,1,14,7.14,3.7,27
9751,1,14,7.14,4.35,23
3234,1,14,7.14,4.17,24
7198,1,14,7.14,4.17,24
9051,1,14,7.14,3.85,26
3055,1,14,7.14,5.26,19
2062,1,14,7.14,4.76,21
8024,1,14,7.14,3.33,30
94,1,14,7.14,4.17,24
8205,1,14,7.14,3.23,31
6152,1,14,7.14,3.45,29
6964,1,14,7.14,3.03,33
7177,1,15,6.67,4.17,24
9303,1,15,6.67,4.17,24
6168,1,15,6.67,4.17,24
3480,1,15,6.67,3.7,27
3794,1,15,6.67,5.0,20
6987,1,15,6.67,3.33,30
7611,1,15,6.67,4.17,24
8721,1,15,6.67,3.45,29
555,1,15,6.67,1.72,58
7110,1,15,6.67,3.7,27
4988,1,15,6.67,4.17,24
3707,1,15,6.67,3.45,29
1793,1,15,6.67,4.17,24
6978,1,15,6.67,2.5,40
716,1,15,6.67,4.17,24
7623,1,15,6.67,3.45,29
6146,1,15,6.67,3.33,30
1772,1,15,6.67,5.0,20
6057,1,15,6.67,4.17,24
9225,1,15,6.67,4.17,24
8612,1,15,6.67,3.23,31
2556,1,15,6.67,4.0,25
9627,1,15,6.67,5.26,19
9096,1,15,6.67,3.85,26
10232,1,15,6.67,4.17,24
4568,1,15,6.67,4.17,24
9505,1,15,6.67,4.76,21
1515,1,15,6.67,4.55,22
1744,1,15,6.67,4.76,21
8880,1,15,6.67,3.57,28
9721,1,15,6.67,4.17,24
9516,1,15,6.67,4.17,24
4750,1,15,6.67,4.17,24
5619,1,15,6.67,4.17,24
8364,1,15,6.67,4.17,24
4186,1,15,6.67,3.7,27
8840,1,15,6.67,4.55,22
6695,1,16,6.25,5.0,20
6390,1,16,6.25,4.17,24
433,1,16,6.25,3.85,26
6877,1,16,6.25,3.57,28
7271,1,16,6.25,4.17,24
9005,1,16,6.25,3.57,28
10366,1,16,6.25,4.17,24
10595,1,16,6.25,4.17,24
3268,1,16,6.25,4.17,24
5291,1,16,6.25,3.7,27
3134,1,16,6.25,3.03,33
7903,1,16,6.25,5.26,19
9176,1,16,6.25,2.5,40
3288,1,16,6.25,4.55,22
1056,1,16,6.25,3.12,32
8114,1,16,6.25,3.45,29
3096,1,16,6.25,3.85,26
1595,1,16,6.25,2.94,34
2421,1,16,6.25,3.45,29
7289,1,16,6.25,3.85,26
4982,1,16,6.25,4.17,24
6556,1,16,6.25,4.17,24
10464,1,16,6.25,4.0,25
2152,1,16,6.25,3.57,28
9252,1,16,6.25,3.45,29
9038,1,16,6.25,2.63,38
3065,1,17,5.88,2.56,39
4166,1,17,5.88,5.26,19
2438,1,17,5.88,2.33,43
9786,1,17,5.88,3.45,29
10577,1,17,5.88,3.85,26
6506,1,17,5.88,4.35,23
7676,1,17,5.88,3.12,32
7203,1,17,5.88,4.17,24
7514,1,17,5.88,3.7,27
3812,1,17,5.88,4.17,24
4342,1,17,5.88,2.33,43
3719,1,17,5.88,4.17,24
8717,1,17,5.88,4.17,24
2403,1,17,5.88,2.33,43
5052,1,17,5.88,3.85,26
4251,1,17,5.88,2.94,34
6591,1,17,5.88,4.17,24
6975,1,17,5.88,3.85,26
6806,1,17,5.88,3.45,29
10514,1,17,5.88,4.17,24
4617,1,17,5.88,3.23,31
8087,1,17,5.88,4.55,22
8081,1,17,5.88,2.44,41
5635,1,18,5.56,2.22,45
9056,1,18,5.56,4.17,24
5941,1,18,5.56,3.57,28
8739,1,18,5.56,3.33,30
865,1,18,5.56,2.13,47
5504,1,18,5.56,4.17,24
2591,1,18,5.56,4.17,24
4509,1,18,5.56,2.7,37
5406,1,18,5.56,1.59,63
7616,1,18,5.56,3.33,30
8507,1,19,5.26,4.17,24
5708,1,19,5.26,3.03,33
4987,1,19,5.26,4.17,24
1522,1,19,5.26,2.78,36
9183,1,19,5.26,3.57,28
8019,1,19,5.26,2.44,41
2733,1,19,5.26,3.57,28
10107,1,19,5.26,3.33,30
1922,1,19,5.26,2.7,37
9788,1,19,5.26,4.17,24
4905,1,19,5.26,2.7,37
303,1,19,5.26,2.56,39
6645,1,20,5.0,3.33,30
7917,1,20,5.0,2.94,34
5985,1,20,5.0,3.12,32
587,1,20,5.0,1.67,60
6888,1,20,5.0,3.45,29
1954,1,21,4.76,3.7,27
427,1,21,4.76,3.23,31
6096,1,21,4.76,4.35,23
2523,1,21,4.76,3.23,31
2191,1,21,4.76,3.03,33
10385,1,21,4.76,2.27,44
2096,1,22,4.55,2.27,44
1229,1,22,4.55,2.5,40
4180,1,22,4.55,2.27,44
10143,1,22,4.55,2.38,42
3494,1,22,4.55,1.59,63
9515,1,22,4.55,2.27,44
6104,1,23,4.35,2.38,42
68,1,23,4.35,1.61,62
7757,1,23,4.35,2.5,40
6865,1,23,4.35,2.22,45
9448,1,24,4.17,3.57,28
6905,1,24,4.17,2.7,37
4069,1,24,4.17,1.82,55
5928,1,25,4.0,2.44,41
4276,1,25,4.0,2.33,43
8630,1,26,3.85,2.56,39
6153,1,27,3.7,2.17,46
5959,0,8,0.0,0.0,14
8836,0,8,0.0,0.0,9
5720,0,7,0.0,0.0,9
1816,0,18,0.0,0.0,34
9065,0,9,0.0,0.0,10
3158,0,6,0.0,0.0,24
4511,0,7,0.0,0.0,9
6160,0,6,0.0,0.0,9
10474,0,4,0.0,0.0,9
3933,0,17,0.0,0.0,29
10225,0,4,0.0,0.0,10
5339,0,6,0.0,0.0,9
6044,0,5,0.0,0.0,9
6753,0,14,0.0,0.0,26
5641,0,9,0.0,0.0,26
7332,0,9,0.0,0.0,10
10044,0,5,0.0,0.0,10
9180,0,6,0.0,0.0,10
8858,0,10,0.0,0.0,29
9292,0,3,0.0,0.0,10
8339,0,5,0.0,0.0,17
867,0,5,0.0,0.0,10
4862,0,6,0.0,0.0,12
9271,0,11,0.0,0.0,21
9719,0,6,0.0,0.0,10
6902,0,7,0.0,0.0,10
9550,0,5,0.0,0.0,10
7688,0,4,0.0,0.0,12
7190,0,6,0.0,0.0,10
2582,0,10,0.0,0.0,47
1359,0,17,0.0,0.0,24
617,0,16,0.0,0.0,24
7760,0,8,0.0,0.0,12
6226,0,11,0.0,0.0,30
6161,0,16,0.0,0.0,24
9055,0,18,0.0,0.0,30
4946,0,10,0.0,0.0,71
9534,0,15,0.0,0.0,20
10105,0,4,0.0,0.0,8
10689,0,6,0.0,0.0,8
10532,0,2,0.0,0.0,9
10308,0,5,0.0,0.0,8
10203,0,5,0.0,0.0,8
10334,0,3,0.0,0.0,8
10251,0,5,0.0,0.0,9
6064,0,5,0.0,0.0,8
10337,0,14,0.0,0.0,23
9610,0,14,0.0,0.0,18
10041,0,5,0.0,0.0,9
10422,0,6,0.0,0.0,8
5618,0,7,0.0,0.0,18
7318,0,6,0.0,0.0,9
6401,0,18,0.0,0.0,28
3117,0,10,0.0,0.0,23
3996,0,8,0.0,0.0,16
9406,0,10,0.0,0.0,26
6869,0,9,0.0,0.0,12
10262,0,4,0.0,0.0,9
3544,0,4,0.0,0.0,17
3985,0,7,0.0,0.0,12
5528,0,10,0.0,0.0,31
296,0,8,0.0,0.0,12
5016,0,12,0.0,0.0,27
10358,0,6,0.0,0.0,12
10101,0,14,0.0,0.0,27
6586,0,8,0.0,0.0,15
7255,0,13,0.0,0.0,22
6186,0,8,0.0,0.0,12
9770,0,18,0.0,0.0,24
5056,0,9,0.0,0.0,27
5612,0,11,0.0,0.0,30
7210,0,17,0.0,0.0,30
4083,0,13,0.0,0.0,25
10508,0,6,0.0,0.0,11
7113,0,6,0.0,0.0,11
10316,0,6,0.0,0.0,11
4774,0,5,0.0,0.0,15
6434,0,7,0.0,0.0,14
10677,0,7,0.0,0.0,11
9587,0,4,0.0,0.0,12
9616,0,10,0.0,0.0,15
9144,0,8,0.0,0.0,11
9147,0,7,0.0,0.0,13
4537,0,9,0.0,0.0,14
7583,0,7,0.0,0.0,11
10350,0,8,0.0,0.0,11
10542,0,3,0.0,0.0,9
9464,0,4,0.0,0.0,9
8500,0,4,0.0,0.0,8
7439,0,5,0.0,0.0,8
10185,0,4,0.0,0.0,9
8153,0,6,0.0,0.0,13
10132,0,5,0.0,0.0,8
10180,0,5,0.0,0.0,10
9440,0,4,0.0,0.0,8
10415,0,4,0.0,0.0,9
8264,0,5,0.0,0.0,11
9160,0,5,0.0,0.0,8
8759,0,8,0.0,0.0,9
7465,0,4,0.0,0.0,8
9473,0,4,0.0,0.0,10
8158,0,5,0.0,0.0,8
9174,0,7,0.0,0.0,8
10521,0,2,0.0,0.0,8
1626,0,19,0.0,0.0,43
3282,0,7,0.0,0.0,12
4573,0,11,0.0,0.0,28
1672,0,12,0.0,0.0,29
4099,0,7,0.0,0.0,30
2537,0,18,0.0,0.0,26
3683,0,3,0.0,0.0,55
5136,0,3,0.0,0.0,9
4019,0,5,0.0,0.0,9
3512,0,4,0.0,0.0,25
5700,0,17,0.0,0.0,32
3328,0,6,0.0,0.0,9
5869,0,12,0.0,0.0,20
6000,0,6,0.0,0.0,9
4711,0,6,0.0,0.0,9
8533,0,7,0.0,0.0,9
9745,0,5,0.0,0.0,9
5638,0,6,0.0,0.0,9
3026,0,11,0.0,0.0,21
4107,0,4,0.0,0.0,15
5863,0,14,0.0,0.0,20
1421,0,12,0.0,0.0,24
9309,0,11,0.0,0.0,19
6068,0,7,0.0,0.0,10
9712,0,4,0.0,0.0,10
3616,0,12,0.0,0.0,25
9734,0,4,0.0,0.0,10
8276,0,13,0.0,0.0,20
9486,0,3,0.0,0.0,8
10190,0,4,0.0,0.0,8
10200,0,4,0.0,0.0,8
9162,0,2,0.0,0.0,8
9164,0,7,0.0,0.0,8
9485,0,3,0.0,0.0,12
9611,0,6,0.0,0.0,10
9305,0,5,0.0,0.0,10
9218,0,4,0.0,0.0,8
8066,0,3,0.0,0.0,8
3838,0,10,0.0,0.0,19
5590,0,3,0.0,0.0,9
931,0,5,0.0,0.0,13
7496,0,4,0.0,0.0,10
2190,0,6,0.0,0.0,11
7747,0,6,0.0,0.0,10
1178,0,7,0.0,0.0,10
8772,0,4,0.0,0.0,11
2978,0,4,0.0,0.0,10
4388,0,10,0.0,0.0,25
5567,0,12,0.0,0.0,28
4723,0,4,0.0,0.0,12
4355,0,10,0.0,0.0,26
5851,0,6,0.0,0.0,26
6608,0,5,0.0,0.0,12
4550,0,7,0.0,0.0,23
4782,0,7,0.0,0.0,17
9524,0,15,0.0,0.0,24
7054,0,10,0.0,0.0,29
8012,0,7,0.0,0.0,12
996,0,7,0.0,0.0,12
5849,0,5,0.0,0.0,9
6494,0,3,0.0,0.0,8
6433,0,6,0.0,0.0,8
6304,0,7,0.0,0.0,12
10486,0,7,0.0,0.0,8
10204,0,8,0.0,0.0,12
9447,0,5,0.0,0.0,12
9720,0,4,0.0,0.0,9
5276,0,13,0.0,0.0,20
10323,0,17,0.0,0.0,36
6322,0,10,0.0,0.0,19
5872,0,14,0.0,0.0,22
9493,0,6,0.0,0.0,9
9711,0,6,0.0,0.0,9
10304,0,16,0.0,0.0,25
7913,0,13,0.0,0.0,23
4935,0,16,0.0,0.0,31
10665,0,16,0.0,0.0,28
8374,0,18,0.0,0.0,24
623,0,21,0.0,0.0,36
9014,0,16,0.0,0.0,29
9101,0,18,0.0,0.0,41
10059,0,8,0.0,0.0,12
9615,0,13,0.0,0.0,20
8751,0,8,0.0,0.0,12
9143,0,14,0.0,0.0,35
8898,0,8,0.0,0.0,10
10644,0,6,0.0,0.0,12
9006,0,5,0.0,0.0,12
7245,0,13,0.0,0.0,21
4964,0,4,0.0,0.0,10
9992,0,2,0.0,0.0,2
9991,0,2,0.0,0.0,2
5171,0,12,0.0,0.0,27
9562,0,22,0.0,0.0,43
4118,0,4,0.0,0.0,10
1554,0,7,0.0,0.0,12
8057,0,5,0.0,0.0,10
7274,0,6,0.0,0.0,9
63,0,3,0.0,0.0,14
10650,0,6,0.0,0.0,10
9030,0,3,0.0,0.0,10
6722,0,11,0.0,0.0,27
3932,0,11,0.0,0.0,27
601,0,7,0.0,0.0,10
4567,0,4,0.0,0.0,10
10512,0,5,0.0,0.0,10
4562,0,7,0.0,0.0,10
2027,0,2,0.0,0.0,10
10621,0,7,0.0,0.0,10
8753,0,5,0.0,0.0,10
10335,0,5,0.0,0.0,10
677,0,9,0.0,0.0,20
806,0,12,0.0,0.0,19
569,0,3,0.0,0.0,10
10211,0,7,0.0,0.0,10
2656,0,7,0.0,0.0,11
9631,0,6,0.0,0.0,10
4207,0,3,0.0,0.0,11
648,0,12,0.0,0.0,21
4423,0,5,0.0,0.0,15
6026,0,11,0.0,0.0,22
9646,0,6,0.0,0.0,10
5019,0,4,0.0,0.0,9
4314,0,7,0.0,0.0,12
4054,0,7,0.0,0.0,9
4021,0,14,0.0,0.0,18
3488,0,7,0.0,0.0,16
2001,0,6,0.0,0.0,12
2560,0,7,0.0,0.0,12
9676,0,6,0.0,0.0,9
2039,0,7,0.0,0.0,12
3418,0,11,0.0,0.0,19
9585,0,5,0.0,0.0,9
1977,0,6,0.0,0.0,9
9206,0,13,0.0,0.0,24
8293,0,8,0.0,0.0,12
5874,0,5,0.0,0.0,10
6896,0,7,0.0,0.0,10
1799,0,7,0.0,0.0,9
7037,0,4,0.0,0.0,10
4678,0,2,0.0,0.0,53
9586,0,4,0.0,0.0,9
9552,0,4,0.0,0.0,9
9213,0,7,0.0,0.0,10
1822,0,5,0.0,0.0,9
10565,0,5,0.0,0.0,13
5256,0,11,0.0,0.0,24
662,0,5,0.0,0.0,9
7115,0,11,0.0,0.0,24
7669,0,6,0.0,0.0,10
8291,0,4,0.0,0.0,10
10611,0,22,0.0,0.0,40
6162,0,15,0.0,0.0,27
6200,0,3,0.0,0.0,10
7022,0,16,0.0,0.0,24
7058,0,20,0.0,0.0,38
3187,0,4,0.0,0.0,11
6833,0,7,0.0,0.0,11
3853,0,4,0.0,0.0,11
9602,0,9,0.0,0.0,16
10299,0,8,0.0,0.0,12
10297,0,7,0.0,0.0,12
10295,0,8,0.0,0.0,14
10291,0,15,0.0,0.0,28
5067,0,12,0.0,0.0,26
10480,0,6,0.0,0.0,12
2224,0,12,0.0,0.0,27
8304,0,13,0.0,0.0,30
7147,0,12,0.0,0.0,24
7716,0,10,0.0,0.0,24
10354,0,6,0.0,0.0,12
9198,0,20,0.0,0.0,43
5053,0,18,0.0,0.0,33
2013,0,18,0.0,0.0,24
9747,0,9,0.0,0.0,24
5474,0,6,0.0,0.0,9
4919,0,4,0.0,0.0,9
3965,0,6,0.0,0.0,9
10586,0,5,0.0,0.0,9
2984,0,4,0.0,0.0,9
7441,0,6,0.0,0.0,9
812,0,6,0.0,0.0,9
3341,0,5,0.0,0.0,9
10392,0,6,0.0,0.0,9
10336,0,13,0.0,0.0,20
3704,0,5,0.0,0.0,9
2827,0,4,0.0,0.0,9
10625,0,6,0.0,0.0,9
6072,0,15,0.0,0.0,31
1972,0,6,0.0,0.0,9
9730,0,5,0.0,0.0,9
10281,0,7,0.0,0.0,11
5430,0,14,0.0,0.0,23
4765,0,10,0.0,0.0,25
4973,0,15,0.0,0.0,20
8859,0,6,0.0,0.0,11
2896,0,7,0.0,0.0,12
3721,0,7,0.0,0.0,14
2907,0,5,0.0,0.0,12
368,0,5,0.0,0.0,14
9012,0,8,0.0,0.0,14
2441,0,8,0.0,0.0,12
4817,0,6,0.0,0.0,17
7031,0,4,0.0,0.0,9
6936,0,9,0.0,0.0,10
547,0,5,0.0,0.0,10
8145,0,14,0.0,0.0,20
4225,0,4,0.0,0.0,9
5996,0,5,0.0,0.0,9
8029,0,11,0.0,0.0,28
10352,0,5,0.0,0.0,9
334,0,9,0.0,0.0,20
4260,0,7,0.0,0.0,9
8770,0,4,0.0,0.0,9
10458,0,5,0.0,0.0,11
9061,0,4,0.0,0.0,9
6455,0,7,0.0,0.0,9
3755,0,7,0.0,0.0,9
9654,0,5,0.0,0.0,11
3695,0,5,0.0,0.0,11
3018,0,5,0.0,0.0,12
10448,0,5,0.0,0.0,9
9620,0,7,0.0,0.0,14
8551,0,5,0.0,0.0,9
9726,0,3,0.0,0.0,10
9737,0,3,0.0,0.0,9
3723,0,5,0.0,0.0,9
9314,0,7,0.0,0.0,9
9508,0,5,0.0,0.0,9
9243,0,4,0.0,0.0,9
5429,0,7,0.0,0.0,10
10183,0,6,0.0,0.0,10
2130,0,4,0.0,0.0,10
9151,0,4,0.0,0.0,10
9626,0,6,0.0,0.0,11
5993,0,7,0.0,0.0,12
1982,0,6,0.0,0.0,11
9287,0,4,0.0,0.0,10
9002,0,6,0.0,0.0,10
7607,0,17,0.0,0.0,21
9027,0,7,0.0,0.0,12
9419,0,7,0.0,0.0,12
10615,0,8,0.0,0.0,12
7401,0,8,0.0,0.0,12
5744,0,5,0.0,0.0,10
10616,0,6,0.0,0.0,10
9139,0,6,0.0,0.0,10
4504,0,6,0.0,0.0,10
9040,0,7,0.0,0.0,11
4707,0,4,0.0,0.0,10
3954,0,7,0.0,0.0,10
10635,0,5,0.0,0.0,10
10154,0,11,0.0,0.0,24
9779,0,5,0.0,0.0,10
2972,0,7,0.0,0.0,11
8718,0,7,0.0,0.0,10
128,0,6,0.0,0.0,10
10269,0,6,0.0,0.0,10
10137,0,6,0.0,0.0,10
6686,0,7,0.0,0.0,10
9157,0,8,0.0,0.0,10
2175,0,5,0.0,0.0,10
5143,0,6,0.0,0.0,10
7885,0,3,0.0,0.0,10
2373,0,3,0.0,0.0,12
10550,0,6,0.0,0.0,9
5434,0,5,0.0,0.0,10
5278,0,3,0.0,0.0,10
6175,0,5,0.0,0.0,12
3606,0,5,0.0,0.0,9
4239,0,8,0.0,0.0,17
7273,0,9,0.0,0.0,11
4277,0,5,0.0,0.0,10
1818,0,5,0.0,0.0,9
2574,0,6,0.0,0.0,10
5971,0,5,0.0,0.0,9
10217,0,4,0.0,0.0,9
10655,0,7,0.0,0.0,9
10497,0,4,0.0,0.0,9
2404,0,7,0.0,0.0,11
9471,0,6,0.0,0.0,11
4299,0,4,0.0,0.0,9
5123,0,5,0.0,0.0,9
10454,0,5,0.0,0.0,9
7272,0,5,0.0,0.0,10
10413,0,5,0.0,0.0,9
10452,0,4,0.0,0.0,9
2344,0,4,0.0,0.0,12
743,0,6,0.0,0.0,9
8782,0,6,0.0,0.0,10
8847,0,4,0.0,0.0,10
3053,0,6,0.0,0.0,9
9425,0,6,0.0,0.0,10
9706,0,6,0.0,0.0,11
9202,0,5,0.0,0.0,9
10221,0,6,0.0,0.0,9
4171,0,5,0.0,0.0,9
9111,0,4,0.0,0.0,9
9971,0,2,0.0,0.0,2
9970,0,2,0.0,0.0,2
9972,0,2,0.0,0.0,2
9994,0,2,0.0,0.0,6
